{
  "client_addr": "192.168.1.5:61843",
  "start_time": "17__19__25.791211",
  "end_time": "17:19:33.737438",
  "latencies_ns": {
    "p50": 83903,
    "p90": 188159,
    "p99": 389375
  },
  "blocks_read": {
    "p50": 4,
    "p90": 4,
    "p99": 4
  },
  "database_size": 897268689,
  "num_requests": 1000
}