{
  "client_addr": "192.168.1.5:61838",
  "start_time": "17__19__25.790869",
  "end_time": "17:19:33.560310",
  "latencies_ns": {
    "p50": 84607,
    "p90": 154623,
    "p99": 421887
  },
  "blocks_read": {
    "p50": 4,
    "p90": 4,
    "p99": 4
  },
  "database_size": 897268689,
  "num_requests": 1000
}