{
  "client_addr": "192.168.1.5:61842",
  "start_time": "17__19__25.790773",
  "end_time": "17:19:33.707189",
  "latencies_ns": {
    "p50": 83839,
    "p90": 173183,
    "p99": 471551
  },
  "blocks_read": {
    "p50": 4,
    "p90": 4,
    "p99": 4
  },
  "database_size": 897268689,
  "num_requests": 1000
}