{
  "client_addr": "192.168.1.5:61847",
  "start_time": "17__19__25.790837",
  "end_time": "17:19:33.781320",
  "latencies_ns": {
    "p50": 85247,
    "p90": 192255,
    "p99": 510719
  },
  "blocks_read": {
    "p50": 4,
    "p90": 4,
    "p99": 4
  },
  "database_size": 897268689,
  "num_requests": 1000
}