{
  "client_addr": "192.168.1.5:61846",
  "start_time": "17__19__25.791071",
  "end_time": "17:19:33.789922",
  "latencies_ns": {
    "p50": 86015,
    "p90": 195327,
    "p99": 427007
  },
  "blocks_read": {
    "p50": 4,
    "p90": 4,
    "p99": 4
  },
  "database_size": 897268689,
  "num_requests": 1000
}