{
  "client_addr": "192.168.1.5:61839",
  "start_time": "17__19__25.790871",
  "end_time": "17:19:33.719869",
  "latencies_ns": {
    "p50": 85951,
    "p90": 206719,
    "p99": 416511
  },
  "blocks_read": {
    "p50": 4,
    "p90": 4,
    "p99": 4
  },
  "database_size": 897268689,
  "num_requests": 1000
}