{
  "client_addr": "192.168.1.5:61834",
  "start_time": "17__19__25.790606",
  "end_time": "17:19:33.830184",
  "latencies_ns": {
    "p50": 85951,
    "p90": 193535,
    "p99": 452351
  },
  "blocks_read": {
    "p50": 4,
    "p90": 4,
    "p99": 4
  },
  "database_size": 897268689,
  "num_requests": 1000
}