{
  "client_addr": "192.168.1.5:61833",
  "start_time": "17__19__25.790827",
  "end_time": "17:19:33.853404",
  "latencies_ns": {
    "p50": 88127,
    "p90": 207359,
    "p99": 505599
  },
  "blocks_read": {
    "p50": 4,
    "p90": 4,
    "p99": 4
  },
  "database_size": 897268689,
  "num_requests": 1000
}