{
  "client_addr": "192.168.1.5:61845",
  "start_time": "17__19__25.790509",
  "end_time": "17:19:33.783147",
  "latencies_ns": {
    "p50": 86335,
    "p90": 191103,
    "p99": 443647
  },
  "blocks_read": {
    "p50": 4,
    "p90": 4,
    "p99": 4
  },
  "database_size": 897268689,
  "num_requests": 1000
}