{
  "client_addr": "192.168.1.5:61836",
  "start_time": "17__19__25.787460",
  "end_time": "17:19:33.834867",
  "latencies_ns": {
    "p50": 86719,
    "p90": 209919,
    "p99": 460543
  },
  "blocks_read": {
    "p50": 4,
    "p90": 4,
    "p99": 4
  },
  "database_size": 897268689,
  "num_requests": 1000
}