{
  "client_addr": "192.168.1.5:61837",
  "start_time": "17__19__25.790869",
  "end_time": "17:19:33.531040",
  "latencies_ns": {
    "p50": 81215,
    "p90": 138623,
    "p99": 381695
  },
  "blocks_read": {
    "p50": 4,
    "p90": 4,
    "p99": 4
  },
  "database_size": 897268689,
  "num_requests": 1000
}