{
  "client_addr": "192.168.1.5:61844",
  "start_time": "17__19__25.790871",
  "end_time": "17:19:33.731684",
  "latencies_ns": {
    "p50": 82431,
    "p90": 193407,
    "p99": 412927
  },
  "blocks_read": {
    "p50": 4,
    "p90": 4,
    "p99": 4
  },
  "database_size": 897268689,
  "num_requests": 1000
}