{
  "client_addr": "192.168.1.5:61835",
  "start_time": "17__19__25.790549",
  "end_time": "17:19:33.556663",
  "latencies_ns": {
    "p50": 81663,
    "p90": 152191,
    "p99": 372223
  },
  "blocks_read": {
    "p50": 4,
    "p90": 4,
    "p99": 4
  },
  "database_size": 897268689,
  "num_requests": 1000
}