{
  "client_addr": "192.168.1.5:61841",
  "start_time": "17__19__25.790387",
  "end_time": "17:19:33.745110",
  "latencies_ns": {
    "p50": 84223,
    "p90": 187519,
    "p99": 437759
  },
  "blocks_read": {
    "p50": 4,
    "p90": 4,
    "p99": 4
  },
  "database_size": 897268689,
  "num_requests": 1000
}