{
  "client_addr": "127.0.0.1:53783",
  "start_time": "13:47:49.274960",
  "end_time": "13:47:49.846047",
  "latencies_ns": {
    "p50": 570949631,
    "p90": 570949631,
    "p99": 570949631
  },
  "blocks_read": {
    "p50": 0,
    "p90": 0,
    "p99": 0
  },
  "database_size": 381885612,
  "num_requests": 1
}