{
  "client_addr": "127.0.0.1:53894",
  "start_time": "13:48:28.895367",
  "end_time": "13:48:29.042786",
  "latencies_ns": {
    "p50": 147193855,
    "p90": 147193855,
    "p99": 147193855
  },
  "blocks_read": {
    "p50": 0,
    "p90": 0,
    "p99": 0
  },
  "database_size": 878478588,
  "num_requests": 1
}