{
  "client_addr": "127.0.0.1:53703",
  "start_time": "13:47:23.316489",
  "end_time": "13:47:23.441633",
  "latencies_ns": {
    "p50": 124977151,
    "p90": 124977151,
    "p99": 124977151
  },
  "blocks_read": {
    "p50": 0,
    "p90": 0,
    "p99": 0
  },
  "database_size": 23519321,
  "num_requests": 1
}