{
  "client_addr": "127.0.0.1:53873",
  "start_time": "13:48:21.065272",
  "end_time": "13:48:21.631505",
  "latencies_ns": {
    "p50": 566231039,
    "p90": 566231039,
    "p99": 566231039
  },
  "blocks_read": {
    "p50": 0,
    "p90": 0,
    "p99": 0
  },
  "database_size": 785923303,
  "num_requests": 1
}