{
  "client_addr": "127.0.0.1:53874",
  "start_time": "13:48:21.712048",
  "end_time": "13:48:21.794213",
  "latencies_ns": {
    "p50": 81919999,
    "p90": 81919999,
    "p99": 81919999
  },
  "blocks_read": {
    "p50": 0,
    "p90": 0,
    "p99": 0
  },
  "database_size": 790596772,
  "num_requests": 1
}