{
  "client_addr": "127.0.0.1:53787",
  "start_time": "13:47:50.527099",
  "end_time": "13:47:53.395009",
  "latencies_ns": {
    "p50": 2868903935,
    "p90": 2868903935,
    "p99": 2868903935
  },
  "blocks_read": {
    "p50": 0,
    "p90": 0,
    "p99": 0
  },
  "database_size": 400671771,
  "num_requests": 1
}