{
  "client_addr": "127.0.0.1:53701",
  "start_time": "13:47:22.901508",
  "end_time": "13:47:23.069550",
  "latencies_ns": {
    "p50": 167903231,
    "p90": 167903231,
    "p99": 167903231
  },
  "blocks_read": {
    "p50": 0,
    "p90": 0,
    "p99": 0
  },
  "database_size": 14111952,
  "num_requests": 1
}