{
  "client_addr": "127.0.0.1:53833",
  "start_time": "13:48:08.938755",
  "end_time": "13:48:09.022912",
  "latencies_ns": {
    "p50": 83951615,
    "p90": 83951615,
    "p99": 83951615
  },
  "blocks_read": {
    "p50": 0,
    "p90": 0,
    "p99": 0
  },
  "database_size": 606577659,
  "num_requests": 1
}