{
  "client_addr": "127.0.0.1:53828",
  "start_time": "13:48:06.931160",
  "end_time": "13:48:07.493570",
  "latencies_ns": {
    "p50": 562561023,
    "p90": 562561023,
    "p99": 562561023
  },
  "blocks_read": {
    "p50": 0,
    "p90": 0,
    "p99": 0
  },
  "database_size": 583124923,
  "num_requests": 1
}