{
  "client_addr": "127.0.0.1:53847",
  "start_time": "13:48:12.311707",
  "end_time": "13:48:12.825786",
  "latencies_ns": {
    "p50": 514064383,
    "p90": 514064383,
    "p99": 514064383
  },
  "blocks_read": {
    "p50": 0,
    "p90": 0,
    "p99": 0
  },
  "database_size": 669612997,
  "num_requests": 1
}