{
  "client_addr": "127.0.0.1:53892",
  "start_time": "13:48:28.532020",
  "end_time": "13:48:28.614652",
  "latencies_ns": {
    "p50": 82444287,
    "p90": 82444287,
    "p99": 82444287
  },
  "blocks_read": {
    "p50": 0,
    "p90": 0,
    "p99": 0
  },
  "database_size": 869070226,
  "num_requests": 1
}