{
  "client_addr": "127.0.0.1:53757",
  "start_time": "13:47:40.080321",
  "end_time": "13:47:40.573952",
  "latencies_ns": {
    "p50": 493355007,
    "p90": 493355007,
    "p99": 493355007
  },
  "blocks_read": {
    "p50": 0,
    "p90": 0,
    "p99": 0
  },
  "database_size": 265835944,
  "num_requests": 1
}