{
  "client_addr": "127.0.0.1:53886",
  "start_time": "13:48:26.544745",
  "end_time": "13:48:26.666393",
  "latencies_ns": {
    "p50": 121438207,
    "p90": 121438207,
    "p99": 121438207
  },
  "blocks_read": {
    "p50": 0,
    "p90": 0,
    "p99": 0
  },
  "database_size": 843680828,
  "num_requests": 1
}