{
  "client_addr": "127.0.0.1:53807",
  "start_time": "13:47:58.704943",
  "end_time": "13:47:58.846796",
  "latencies_ns": {
    "p50": 141688831,
    "p90": 141688831,
    "p99": 141688831
  },
  "blocks_read": {
    "p50": 0,
    "p90": 0,
    "p99": 0
  },
  "database_size": 491059064,
  "num_requests": 1
}