{
  "client_addr": "127.0.0.1:53740",
  "start_time": "13:47:34.434241",
  "end_time": "13:47:34.555518",
  "latencies_ns": {
    "p50": 121044991,
    "p90": 121044991,
    "p99": 121044991
  },
  "blocks_read": {
    "p50": 0,
    "p90": 0,
    "p99": 0
  },
  "database_size": 188988768,
  "num_requests": 1
}