{
  "client_addr": "127.0.0.1:53707",
  "start_time": "13:47:24.341037",
  "end_time": "13:47:24.469737",
  "latencies_ns": {
    "p50": 128450559,
    "p90": 128450559,
    "p99": 128450559
  },
  "blocks_read": {
    "p50": 0,
    "p90": 0,
    "p99": 0
  },
  "database_size": 42326767,
  "num_requests": 1
}