{
  "client_addr": "127.0.0.1:53779",
  "start_time": "13:47:47.996939",
  "end_time": "13:47:48.145587",
  "latencies_ns": {
    "p50": 148504575,
    "p90": 148504575,
    "p99": 148504575
  },
  "blocks_read": {
    "p50": 0,
    "p90": 0,
    "p99": 0
  },
  "database_size": 365888343,
  "num_requests": 1
}