{
  "client_addr": "127.0.0.1:53832",
  "start_time": "13:48:08.200636",
  "end_time": "13:48:08.857719",
  "latencies_ns": {
    "p50": 656932863,
    "p90": 656932863,
    "p99": 656932863
  },
  "blocks_read": {
    "p50": 0,
    "p90": 0,
    "p99": 0
  },
  "database_size": 601911151,
  "num_requests": 1
}