{
  "client_addr": "127.0.0.1:53856",
  "start_time": "13:48:16.585135",
  "end_time": "13:48:16.710915",
  "latencies_ns": {
    "p50": 125566975,
    "p90": 125566975,
    "p99": 125566975
  },
  "blocks_read": {
    "p50": 0,
    "p90": 0,
    "p99": 0
  },
  "database_size": 708800972,
  "num_requests": 1
}