{
  "client_addr": "127.0.0.1:53885",
  "start_time": "13:48:26.381792",
  "end_time": "13:48:26.464823",
  "latencies_ns": {
    "p50": 82837503,
    "p90": 82837503,
    "p99": 82837503
  },
  "blocks_read": {
    "p50": 0,
    "p90": 0,
    "p99": 0
  },
  "database_size": 838976407,
  "num_requests": 1
}