{
  "client_addr": "127.0.0.1:53780",
  "start_time": "13:47:48.257434",
  "end_time": "13:47:48.766690",
  "latencies_ns": {
    "p50": 509083647,
    "p90": 509083647,
    "p99": 509083647
  },
  "blocks_read": {
    "p50": 0,
    "p90": 0,
    "p99": 0
  },
  "database_size": 370591894,
  "num_requests": 1
}