{
  "client_addr": "127.0.0.1:53726",
  "start_time": "13:47:30.205470",
  "end_time": "13:47:30.351540",
  "latencies_ns": {
    "p50": 145883135,
    "p90": 145883135,
    "p99": 145883135
  },
  "blocks_read": {
    "p50": 0,
    "p90": 0,
    "p99": 0
  },
  "database_size": 126005822,
  "num_requests": 1
}