{
  "client_addr": "127.0.0.1:53728",
  "start_time": "13:47:30.874329",
  "end_time": "13:47:30.956628",
  "latencies_ns": {
    "p50": 82116607,
    "p90": 82116607,
    "p99": 82116607
  },
  "blocks_read": {
    "p50": 0,
    "p90": 0,
    "p99": 0
  },
  "database_size": 135404870,
  "num_requests": 1
}