{
  "client_addr": "127.0.0.1:53846",
  "start_time": "13:48:12.082391",
  "end_time": "13:48:12.231693",
  "latencies_ns": {
    "p50": 149159935,
    "p90": 149159935,
    "p99": 149159935
  },
  "blocks_read": {
    "p50": 0,
    "p90": 0,
    "p99": 0
  },
  "database_size": 664909509,
  "num_requests": 1
}