{
  "client_addr": "127.0.0.1:53706",
  "start_time": "13:47:24.172592",
  "end_time": "13:47:24.258814",
  "latencies_ns": {
    "p50": 86048767,
    "p90": 86048767,
    "p99": 86048767
  },
  "blocks_read": {
    "p50": 0,
    "p90": 0,
    "p99": 0
  },
  "database_size": 37622301,
  "num_requests": 1
}