{
  "client_addr": "127.0.0.1:53872",
  "start_time": "13:48:20.833258",
  "end_time": "13:48:20.985513",
  "latencies_ns": {
    "p50": 152043519,
    "p90": 152043519,
    "p99": 152043519
  },
  "blocks_read": {
    "p50": 0,
    "p90": 0,
    "p99": 0
  },
  "database_size": 781219929,
  "num_requests": 1
}