{
  "client_addr": "127.0.0.1:53744",
  "start_time": "13:47:36.831743",
  "end_time": "13:47:36.957778",
  "latencies_ns": {
    "p50": 125829119,
    "p90": 125829119,
    "p99": 125829119
  },
  "blocks_read": {
    "p50": 0,
    "p90": 0,
    "p99": 0
  },
  "database_size": 207505522,
  "num_requests": 1
}