{
  "client_addr": "127.0.0.1:53782",
  "start_time": "13:47:49.049973",
  "end_time": "13:47:49.194403",
  "latencies_ns": {
    "p50": 144310271,
    "p90": 144310271,
    "p99": 144310271
  },
  "blocks_read": {
    "p50": 0,
    "p90": 0,
    "p99": 0
  },
  "database_size": 377182034,
  "num_requests": 1
}