{
  "client_addr": "127.0.0.1:53794",
  "start_time": "13:47:54.737017",
  "end_time": "13:47:55.151937",
  "latencies_ns": {
    "p50": 414711807,
    "p90": 414711807,
    "p99": 414711807
  },
  "blocks_read": {
    "p50": 0,
    "p90": 0,
    "p99": 0
  },
  "database_size": 432779215,
  "num_requests": 1
}