{
  "client_addr": "127.0.0.1:53731",
  "start_time": "13:47:31.463998",
  "end_time": "13:47:31.888001",
  "latencies_ns": {
    "p50": 423886847,
    "p90": 423886847,
    "p99": 423886847
  },
  "blocks_read": {
    "p50": 0,
    "p90": 0,
    "p99": 0
  },
  "database_size": 149516858,
  "num_requests": 1
}