{
  "client_addr": "127.0.0.1:53888",
  "start_time": "13:48:26.972064",
  "end_time": "13:48:27.421900",
  "latencies_ns": {
    "p50": 449839103,
    "p90": 449839103,
    "p99": 449839103
  },
  "blocks_read": {
    "p50": 0,
    "p90": 0,
    "p99": 0
  },
  "database_size": 853088128,
  "num_requests": 1
}