{
  "client_addr": "127.0.0.1:53763",
  "start_time": "13:47:42.122095",
  "end_time": "13:47:42.242756",
  "latencies_ns": {
    "p50": 120455167,
    "p90": 120455167,
    "p99": 120455167
  },
  "blocks_read": {
    "p50": 0,
    "p90": 0,
    "p99": 0
  },
  "database_size": 294007699,
  "num_requests": 1
}