{
  "client_addr": "127.0.0.1:53897",
  "start_time": "13:48:29.929666",
  "end_time": "13:48:30.052762",
  "latencies_ns": {
    "p50": 122945535,
    "p90": 122945535,
    "p99": 122945535
  },
  "blocks_read": {
    "p50": 0,
    "p90": 0,
    "p99": 0
  },
  "database_size": 892560539,
  "num_requests": 1
}