{
  "client_addr": "127.0.0.1:53709",
  "start_time": "13:47:24.774934",
  "end_time": "13:47:25.353112",
  "latencies_ns": {
    "p50": 576192511,
    "p90": 576192511,
    "p99": 576192511
  },
  "blocks_read": {
    "p50": 0,
    "p90": 0,
    "p99": 0
  },
  "database_size": 51734259,
  "num_requests": 1
}