{
  "client_addr": "127.0.0.1:53771",
  "start_time": "13:47:45.884376",
  "end_time": "13:47:46.027509",
  "latencies_ns": {
    "p50": 142999551,
    "p90": 142999551,
    "p99": 142999551
  },
  "blocks_read": {
    "p50": 0,
    "p90": 0,
    "p99": 0
  },
  "database_size": 328280505,
  "num_requests": 1
}