{
  "client_addr": "127.0.0.1:53882",
  "start_time": "13:48:25.521363",
  "end_time": "13:48:25.660460",
  "latencies_ns": {
    "p50": 138936319,
    "p90": 138936319,
    "p99": 138936319
  },
  "blocks_read": {
    "p50": 0,
    "p90": 0,
    "p99": 0
  },
  "database_size": 824873325,
  "num_requests": 1
}