{
  "client_addr": "127.0.0.1:53781",
  "start_time": "13:47:48.844900",
  "end_time": "13:47:48.971944",
  "latencies_ns": {
    "p50": 126877695,
    "p90": 126877695,
    "p99": 126877695
  },
  "blocks_read": {
    "p50": 0,
    "p90": 0,
    "p99": 0
  },
  "database_size": 372477973,
  "num_requests": 1
}