{
  "client_addr": "127.0.0.1:53704",
  "start_time": "13:47:23.521569",
  "end_time": "13:47:23.672955",
  "latencies_ns": {
    "p50": 151126015,
    "p90": 151126015,
    "p99": 151126015
  },
  "blocks_read": {
    "p50": 0,
    "p90": 0,
    "p99": 0
  },
  "database_size": 28223268,
  "num_requests": 1
}