{
  "client_addr": "127.0.0.1:53875",
  "start_time": "13:48:21.874837",
  "end_time": "13:48:21.995728",
  "latencies_ns": {
    "p50": 120717311,
    "p90": 120717311,
    "p99": 120717311
  },
  "blocks_read": {
    "p50": 0,
    "p90": 0,
    "p99": 0
  },
  "database_size": 795301268,
  "num_requests": 1
}