{
  "client_addr": "127.0.0.1:53815",
  "start_time": "13:48:03.378328",
  "end_time": "13:48:03.502062",
  "latencies_ns": {
    "p50": 123535359,
    "p90": 123535359,
    "p99": 123535359
  },
  "blocks_read": {
    "p50": 0,
    "p90": 0,
    "p99": 0
  },
  "database_size": 524815803,
  "num_requests": 1
}