{
  "client_addr": "127.0.0.1:53844",
  "start_time": "13:48:11.696721",
  "end_time": "13:48:11.782286",
  "latencies_ns": {
    "p50": 85327871,
    "p90": 85327871,
    "p99": 85327871
  },
  "blocks_read": {
    "p50": 0,
    "p90": 0,
    "p99": 0
  },
  "database_size": 655501189,
  "num_requests": 1
}