{
  "client_addr": "127.0.0.1:53738",
  "start_time": "13:47:33.531713",
  "end_time": "13:47:33.688828",
  "latencies_ns": {
    "p50": 156893183,
    "p90": 156893183,
    "p99": 156893183
  },
  "blocks_read": {
    "p50": 0,
    "p90": 0,
    "p99": 0
  },
  "database_size": 182407096,
  "num_requests": 1
}