{
  "client_addr": "127.0.0.1:53712",
  "start_time": "13:47:25.901619",
  "end_time": "13:47:26.466436",
  "latencies_ns": {
    "p50": 564658175,
    "p90": 564658175,
    "p99": 564658175
  },
  "blocks_read": {
    "p50": 0,
    "p90": 0,
    "p99": 0
  },
  "database_size": 63035356,
  "num_requests": 1
}