{
  "client_addr": "127.0.0.1:53805",
  "start_time": "13:47:57.839295",
  "end_time": "13:47:57.982452",
  "latencies_ns": {
    "p50": 142999551,
    "p90": 142999551,
    "p99": 142999551
  },
  "blocks_read": {
    "p50": 0,
    "p90": 0,
    "p99": 0
  },
  "database_size": 481681086,
  "num_requests": 1
}