{
  "client_addr": "127.0.0.1:53870",
  "start_time": "13:48:20.461282",
  "end_time": "13:48:20.546820",
  "latencies_ns": {
    "p50": 85327871,
    "p90": 85327871,
    "p99": 85327871
  },
  "blocks_read": {
    "p50": 0,
    "p90": 0,
    "p99": 0
  },
  "database_size": 771811399,
  "num_requests": 1
}