{
  "client_addr": "127.0.0.1:53803",
  "start_time": "13:47:57.478170",
  "end_time": "13:47:57.559058",
  "latencies_ns": {
    "p50": 80674815,
    "p90": 80674815,
    "p99": 80674815
  },
  "blocks_read": {
    "p50": 0,
    "p90": 0,
    "p99": 0
  },
  "database_size": 472272898,
  "num_requests": 1
}