{
  "client_addr": "127.0.0.1:53820",
  "start_time": "13:48:04.590039",
  "end_time": "13:48:04.733672",
  "latencies_ns": {
    "p50": 143523839,
    "p90": 143523839,
    "p99": 143523839
  },
  "blocks_read": {
    "p50": 0,
    "p90": 0,
    "p99": 0
  },
  "database_size": 548326881,
  "num_requests": 1
}