{
  "client_addr": "127.0.0.1:53889",
  "start_time": "13:48:27.503076",
  "end_time": "13:48:27.587243",
  "latencies_ns": {
    "p50": 84017151,
    "p90": 84017151,
    "p99": 84017151
  },
  "blocks_read": {
    "p50": 0,
    "p90": 0,
    "p99": 0
  },
  "database_size": 857776388,
  "num_requests": 1
}