{
  "client_addr": "127.0.0.1:53812",
  "start_time": "13:48:02.754506",
  "end_time": "13:48:02.897661",
  "latencies_ns": {
    "p50": 142999551,
    "p90": 142999551,
    "p99": 142999551
  },
  "blocks_read": {
    "p50": 0,
    "p90": 0,
    "p99": 0
  },
  "database_size": 510704688,
  "num_requests": 1
}