{
  "client_addr": "127.0.0.1:53852",
  "start_time": "13:48:14.159289",
  "end_time": "13:48:14.282963",
  "latencies_ns": {
    "p50": 123469823,
    "p90": 123469823,
    "p99": 123469823
  },
  "blocks_read": {
    "p50": 0,
    "p90": 0,
    "p99": 0
  },
  "database_size": 690285040,
  "num_requests": 1
}