{
  "client_addr": "127.0.0.1:53837",
  "start_time": "13:48:09.791528",
  "end_time": "13:48:09.915427",
  "latencies_ns": {
    "p50": 123731967,
    "p90": 123731967,
    "p99": 123731967
  },
  "blocks_read": {
    "p50": 0,
    "p90": 0,
    "p99": 0
  },
  "database_size": 622597490,
  "num_requests": 1
}