{
  "client_addr": "127.0.0.1:53773",
  "start_time": "13:47:46.525752",
  "end_time": "13:47:46.606753",
  "latencies_ns": {
    "p50": 80805887,
    "p90": 80805887,
    "p99": 80805887
  },
  "blocks_read": {
    "p50": 0,
    "p90": 0,
    "p99": 0
  },
  "database_size": 337679580,
  "num_requests": 1
}