{
  "client_addr": "127.0.0.1:53871",
  "start_time": "13:48:20.627762",
  "end_time": "13:48:20.753043",
  "latencies_ns": {
    "p50": 125042687,
    "p90": 125042687,
    "p99": 125042687
  },
  "blocks_read": {
    "p50": 0,
    "p90": 0,
    "p99": 0
  },
  "database_size": 776515895,
  "num_requests": 1
}