{
  "client_addr": "127.0.0.1:53853",
  "start_time": "13:48:14.362578",
  "end_time": "13:48:14.509220",
  "latencies_ns": {
    "p50": 146407423,
    "p90": 146407423,
    "p99": 146407423
  },
  "blocks_read": {
    "p50": 0,
    "p90": 0,
    "p99": 0
  },
  "database_size": 694988996,
  "num_requests": 1
}