{
  "client_addr": "127.0.0.1:53748",
  "start_time": "13:47:37.673573",
  "end_time": "13:47:37.798203",
  "latencies_ns": {
    "p50": 124452863,
    "p90": 124452863,
    "p99": 124452863
  },
  "blocks_read": {
    "p50": 0,
    "p90": 0,
    "p99": 0
  },
  "database_size": 226320455,
  "num_requests": 1
}