{
  "client_addr": "127.0.0.1:53880",
  "start_time": "13:48:25.120947",
  "end_time": "13:48:25.280822",
  "latencies_ns": {
    "p50": 159645695,
    "p90": 159645695,
    "p99": 159645695
  },
  "blocks_read": {
    "p50": 0,
    "p90": 0,
    "p99": 0
  },
  "database_size": 815465911,
  "num_requests": 1
}