{
  "client_addr": "127.0.0.1:53766",
  "start_time": "13:47:44.836946",
  "end_time": "13:47:44.977069",
  "latencies_ns": {
    "p50": 139984895,
    "p90": 139984895,
    "p99": 139984895
  },
  "blocks_read": {
    "p50": 0,
    "p90": 0,
    "p99": 0
  },
  "database_size": 307556847,
  "num_requests": 1
}