{
  "client_addr": "127.0.0.1:53831",
  "start_time": "13:48:07.975162",
  "end_time": "13:48:08.120551",
  "latencies_ns": {
    "p50": 145227775,
    "p90": 145227775,
    "p99": 145227775
  },
  "blocks_read": {
    "p50": 0,
    "p90": 0,
    "p99": 0
  },
  "database_size": 597207567,
  "num_requests": 1
}