{
  "client_addr": "127.0.0.1:53860",
  "start_time": "13:48:17.450699",
  "end_time": "13:48:17.571107",
  "latencies_ns": {
    "p50": 120193023,
    "p90": 120193023,
    "p99": 120193023
  },
  "blocks_read": {
    "p50": 0,
    "p90": 0,
    "p99": 0
  },
  "database_size": 727615386,
  "num_requests": 1
}