{
  "client_addr": "127.0.0.1:53764",
  "start_time": "13:47:42.324013",
  "end_time": "13:47:42.471069",
  "latencies_ns": {
    "p50": 146931711,
    "p90": 146931711,
    "p99": 146931711
  },
  "blocks_read": {
    "p50": 0,
    "p90": 0,
    "p99": 0
  },
  "database_size": 298711583,
  "num_requests": 1
}