{
  "client_addr": "127.0.0.1:53804",
  "start_time": "13:47:57.639054",
  "end_time": "13:47:57.758069",
  "latencies_ns": {
    "p50": 118816767,
    "p90": 118816767,
    "p99": 118816767
  },
  "blocks_read": {
    "p50": 0,
    "p90": 0,
    "p99": 0
  },
  "database_size": 476977169,
  "num_requests": 1
}