{
  "client_addr": "127.0.0.1:53705",
  "start_time": "13:47:23.751669",
  "end_time": "13:47:24.089277",
  "latencies_ns": {
    "p50": 337379327,
    "p90": 337379327,
    "p99": 337379327
  },
  "blocks_read": {
    "p50": 0,
    "p90": 0,
    "p99": 0
  },
  "database_size": 32926801,
  "num_requests": 1
}