{
  "client_addr": "127.0.0.1:53769",
  "start_time": "13:47:45.519409",
  "end_time": "13:47:45.598947",
  "latencies_ns": {
    "p50": 79364095,
    "p90": 79364095,
    "p99": 79364095
  },
  "blocks_read": {
    "p50": 0,
    "p90": 0,
    "p99": 0
  },
  "database_size": 318872158,
  "num_requests": 1
}