{
  "client_addr": "127.0.0.1:53739",
  "start_time": "13:47:33.770612",
  "end_time": "13:47:34.356660",
  "latencies_ns": {
    "p50": 586153983,
    "p90": 586153983,
    "p99": 586153983
  },
  "blocks_read": {
    "p50": 0,
    "p90": 0,
    "p99": 0
  },
  "database_size": 187110386,
  "num_requests": 1
}