{
  "client_addr": "127.0.0.1:53879",
  "start_time": "13:48:24.893645",
  "end_time": "13:48:25.038816",
  "latencies_ns": {
    "p50": 144965631,
    "p90": 144965631,
    "p99": 144965631
  },
  "blocks_read": {
    "p50": 0,
    "p90": 0,
    "p99": 0
  },
  "database_size": 810762402,
  "num_requests": 1
}