{
  "client_addr": "127.0.0.1:53896",
  "start_time": "13:48:29.766960",
  "end_time": "13:48:29.848152",
  "latencies_ns": {
    "p50": 81002495,
    "p90": 81002495,
    "p99": 81002495
  },
  "blocks_read": {
    "p50": 0,
    "p90": 0,
    "p99": 0
  },
  "database_size": 887856103,
  "num_requests": 1
}