{
  "client_addr": "127.0.0.1:53735",
  "start_time": "13:47:32.564201",
  "end_time": "13:47:33.068926",
  "latencies_ns": {
    "p50": 504627199,
    "p90": 504627199,
    "p99": 504627199
  },
  "blocks_read": {
    "p50": 0,
    "p90": 0,
    "p99": 0
  },
  "database_size": 168317154,
  "num_requests": 1
}