{
  "client_addr": "127.0.0.1:53713",
  "start_time": "13:47:26.545985",
  "end_time": "13:47:26.630173",
  "latencies_ns": {
    "p50": 83951615,
    "p90": 83951615,
    "p99": 83951615
  },
  "blocks_read": {
    "p50": 0,
    "p90": 0,
    "p99": 0
  },
  "database_size": 67717044,
  "num_requests": 1
}