{
  "client_addr": "127.0.0.1:53858",
  "start_time": "13:48:17.029707",
  "end_time": "13:48:17.202660",
  "latencies_ns": {
    "p50": 172752895,
    "p90": 172752895,
    "p99": 172752895
  },
  "blocks_read": {
    "p50": 0,
    "p90": 0,
    "p99": 0
  },
  "database_size": 718208065,
  "num_requests": 1
}