{
  "client_addr": "127.0.0.1:53821",
  "start_time": "13:48:04.812845",
  "end_time": "13:48:05.254926",
  "latencies_ns": {
    "p50": 441974783,
    "p90": 441974783,
    "p99": 441974783
  },
  "blocks_read": {
    "p50": 0,
    "p90": 0,
    "p99": 0
  },
  "database_size": 553030435,
  "num_requests": 1
}