{
  "client_addr": "127.0.0.1:53732",
  "start_time": "13:47:31.969073",
  "end_time": "13:47:32.052364",
  "latencies_ns": {
    "p50": 83099647,
    "p90": 83099647,
    "p99": 83099647
  },
  "blocks_read": {
    "p50": 0,
    "p90": 0,
    "p99": 0
  },
  "database_size": 154205346,
  "num_requests": 1
}