{
  "client_addr": "127.0.0.1:53789",
  "start_time": "13:47:53.643715",
  "end_time": "13:47:53.768984",
  "latencies_ns": {
    "p50": 125042687,
    "p90": 125042687,
    "p99": 125042687
  },
  "blocks_read": {
    "p50": 0,
    "p90": 0,
    "p99": 0
  },
  "database_size": 409260533,
  "num_requests": 1
}