{
  "client_addr": "127.0.0.1:53724",
  "start_time": "13:47:29.736360",
  "end_time": "13:47:29.896952",
  "latencies_ns": {
    "p50": 160432127,
    "p90": 160432127,
    "p99": 160432127
  },
  "blocks_read": {
    "p50": 0,
    "p90": 0,
    "p99": 0
  },
  "database_size": 119394089,
  "num_requests": 1
}