{
  "client_addr": "127.0.0.1:53795",
  "start_time": "13:47:55.231369",
  "end_time": "13:47:55.309622",
  "latencies_ns": {
    "p50": 78053375,
    "p90": 78053375,
    "p99": 78053375
  },
  "blocks_read": {
    "p50": 0,
    "p90": 0,
    "p99": 0
  },
  "database_size": 434679271,
  "num_requests": 1
}