{
  "client_addr": "127.0.0.1:53861",
  "start_time": "13:48:17.651778",
  "end_time": "13:48:17.797778",
  "latencies_ns": {
    "p50": 145752063,
    "p90": 145752063,
    "p99": 145752063
  },
  "blocks_read": {
    "p50": 0,
    "p90": 0,
    "p99": 0
  },
  "database_size": 732319198,
  "num_requests": 1
}