{
  "client_addr": "127.0.0.1:53839",
  "start_time": "13:48:10.217061",
  "end_time": "13:48:10.541914",
  "latencies_ns": {
    "p50": 324796415,
    "p90": 324796415,
    "p99": 324796415
  },
  "blocks_read": {
    "p50": 0,
    "p90": 0,
    "p99": 0
  },
  "database_size": 632005075,
  "num_requests": 1
}