{
  "client_addr": "127.0.0.1:53813",
  "start_time": "13:48:02.976295",
  "end_time": "13:48:03.138308",
  "latencies_ns": {
    "p50": 161873919,
    "p90": 161873919,
    "p99": 161873919
  },
  "blocks_read": {
    "p50": 0,
    "p90": 0,
    "p99": 0
  },
  "database_size": 515408395,
  "num_requests": 1
}