{
  "client_addr": "127.0.0.1:53895",
  "start_time": "13:48:29.122672",
  "end_time": "13:48:29.687675",
  "latencies_ns": {
    "p50": 565182463,
    "p90": 565182463,
    "p99": 565182463
  },
  "blocks_read": {
    "p50": 0,
    "p90": 0,
    "p99": 0
  },
  "database_size": 883182097,
  "num_requests": 1
}