{
  "client_addr": "127.0.0.1:53826",
  "start_time": "13:48:06.498107",
  "end_time": "13:48:06.629214",
  "latencies_ns": {
    "p50": 130875391,
    "p90": 130875391,
    "p99": 130875391
  },
  "blocks_read": {
    "p50": 0,
    "p90": 0,
    "p99": 0
  },
  "database_size": 573717323,
  "num_requests": 1
}