{
  "client_addr": "127.0.0.1:53749",
  "start_time": "13:47:37.880595",
  "end_time": "13:47:38.022986",
  "latencies_ns": {
    "p50": 142213119,
    "p90": 142213119,
    "p99": 142213119
  },
  "blocks_read": {
    "p50": 0,
    "p90": 0,
    "p99": 0
  },
  "database_size": 231024306,
  "num_requests": 1
}