{
  "client_addr": "127.0.0.1:53721",
  "start_time": "13:47:29.141710",
  "end_time": "13:47:29.221621",
  "latencies_ns": {
    "p50": 79429631,
    "p90": 79429631,
    "p99": 79429631
  },
  "blocks_read": {
    "p50": 0,
    "p90": 0,
    "p99": 0
  },
  "database_size": 105282080,
  "num_requests": 1
}