{
  "client_addr": "127.0.0.1:53838",
  "start_time": "13:48:09.993811",
  "end_time": "13:48:10.139229",
  "latencies_ns": {
    "p50": 145227775,
    "p90": 145227775,
    "p99": 145227775
  },
  "blocks_read": {
    "p50": 0,
    "p90": 0,
    "p99": 0
  },
  "database_size": 627301578,
  "num_requests": 1
}