{
  "client_addr": "127.0.0.1:53835",
  "start_time": "13:48:09.310435",
  "end_time": "13:48:09.552842",
  "latencies_ns": {
    "p50": 242221055,
    "p90": 242221055,
    "p99": 242221055
  },
  "blocks_read": {
    "p50": 0,
    "p90": 0,
    "p99": 0
  },
  "database_size": 615986018,
  "num_requests": 1
}