{
  "client_addr": "127.0.0.1:53729",
  "start_time": "13:47:31.035675",
  "end_time": "13:47:31.160382",
  "latencies_ns": {
    "p50": 124518399,
    "p90": 124518399,
    "p99": 124518399
  },
  "blocks_read": {
    "p50": 0,
    "p90": 0,
    "p99": 0
  },
  "database_size": 140109336,
  "num_requests": 1
}