{
  "client_addr": "127.0.0.1:53753",
  "start_time": "13:47:38.970945",
  "end_time": "13:47:39.393571",
  "latencies_ns": {
    "p50": 422576127,
    "p90": 422576127,
    "p99": 422576127
  },
  "blocks_read": {
    "p50": 0,
    "p90": 0,
    "p99": 0
  },
  "database_size": 247035483,
  "num_requests": 1
}