{
  "client_addr": "127.0.0.1:53788",
  "start_time": "13:47:53.479198",
  "end_time": "13:47:53.562933",
  "latencies_ns": {
    "p50": 83492863,
    "p90": 83492863,
    "p99": 83492863
  },
  "blocks_read": {
    "p50": 0,
    "p90": 0,
    "p99": 0
  },
  "database_size": 404556247,
  "num_requests": 1
}