{
  "client_addr": "127.0.0.1:53785",
  "start_time": "13:47:50.090721",
  "end_time": "13:47:50.216278",
  "latencies_ns": {
    "p50": 125370367,
    "p90": 125370367,
    "p99": 125370367
  },
  "blocks_read": {
    "p50": 0,
    "p90": 0,
    "p99": 0
  },
  "database_size": 391264144,
  "num_requests": 1
}