{
  "client_addr": "127.0.0.1:53767",
  "start_time": "13:47:45.055612",
  "end_time": "13:47:45.198170",
  "latencies_ns": {
    "p50": 142344191,
    "p90": 142344191,
    "p99": 142344191
  },
  "blocks_read": {
    "p50": 0,
    "p90": 0,
    "p99": 0
  },
  "database_size": 309465614,
  "num_requests": 1
}