{
  "client_addr": "127.0.0.1:53809",
  "start_time": "13:47:59.151880",
  "end_time": "13:48:02.312119",
  "latencies_ns": {
    "p50": 3160408063,
    "p90": 3160408063,
    "p99": 3160408063
  },
  "blocks_read": {
    "p50": 0,
    "p90": 0,
    "p99": 0
  },
  "database_size": 497671070,
  "num_requests": 1
}