{
  "client_addr": "127.0.0.1:53741",
  "start_time": "13:47:34.633958",
  "end_time": "13:47:34.777765",
  "latencies_ns": {
    "p50": 143654911,
    "p90": 143654911,
    "p99": 143654911
  },
  "blocks_read": {
    "p50": 0,
    "p90": 0,
    "p99": 0
  },
  "database_size": 193692904,
  "num_requests": 1
}