{
  "client_addr": "127.0.0.1:53718",
  "start_time": "13:47:27.963061",
  "end_time": "13:47:28.092181",
  "latencies_ns": {
    "p50": 128909311,
    "p90": 128909311,
    "p99": 128909311
  },
  "blocks_read": {
    "p50": 0,
    "p90": 0,
    "p99": 0
  },
  "database_size": 91207513,
  "num_requests": 1
}