{
  "client_addr": "127.0.0.1:53800",
  "start_time": "13:47:56.478809",
  "end_time": "13:47:56.599797",
  "latencies_ns": {
    "p50": 120717311,
    "p90": 120717311,
    "p99": 120717311
  },
  "blocks_read": {
    "p50": 0,
    "p90": 0,
    "p99": 0
  },
  "database_size": 458183892,
  "num_requests": 1
}