{
  "client_addr": "127.0.0.1:53777",
  "start_time": "13:47:47.624347",
  "end_time": "13:47:47.708088",
  "latencies_ns": {
    "p50": 83558399,
    "p90": 83558399,
    "p99": 83558399
  },
  "blocks_read": {
    "p50": 0,
    "p90": 0,
    "p99": 0
  },
  "database_size": 356480053,
  "num_requests": 1
}