{
  "client_addr": "127.0.0.1:53811",
  "start_time": "13:48:02.550773",
  "end_time": "13:48:02.672267",
  "latencies_ns": {
    "p50": 121241599,
    "p90": 121241599,
    "p99": 121241599
  },
  "blocks_read": {
    "p50": 0,
    "p90": 0,
    "p99": 0
  },
  "database_size": 506000777,
  "num_requests": 1
}