{
  "client_addr": "127.0.0.1:53702",
  "start_time": "13:47:23.150551",
  "end_time": "13:47:23.233861",
  "latencies_ns": {
    "p50": 83034111,
    "p90": 83034111,
    "p99": 83034111
  },
  "blocks_read": {
    "p50": 0,
    "p90": 0,
    "p99": 0
  },
  "database_size": 18814825,
  "num_requests": 1
}