{
  "client_addr": "127.0.0.1:53752",
  "start_time": "13:47:38.681606",
  "end_time": "13:47:38.892052",
  "latencies_ns": {
    "p50": 210239487,
    "p90": 210239487,
    "p99": 210239487
  },
  "blocks_read": {
    "p50": 0,
    "p90": 0,
    "p99": 0
  },
  "database_size": 245127709,
  "num_requests": 1
}