{
  "client_addr": "127.0.0.1:53750",
  "start_time": "13:47:38.103204",
  "end_time": "13:47:38.439069",
  "latencies_ns": {
    "p50": 335806463,
    "p90": 335806463,
    "p99": 335806463
  },
  "blocks_read": {
    "p50": 0,
    "p90": 0,
    "p99": 0
  },
  "database_size": 235727860,
  "num_requests": 1
}