{
  "client_addr": "127.0.0.1:53711",
  "start_time": "13:47:25.608747",
  "end_time": "13:47:25.822391",
  "latencies_ns": {
    "p50": 213385215,
    "p90": 213385215,
    "p99": 213385215
  },
  "blocks_read": {
    "p50": 0,
    "p90": 0,
    "p99": 0
  },
  "database_size": 61127405,
  "num_requests": 1
}