{
  "client_addr": "127.0.0.1:53776",
  "start_time": "13:47:47.126841",
  "end_time": "13:47:47.542427",
  "latencies_ns": {
    "p50": 415498239,
    "p90": 415498239,
    "p99": 415498239
  },
  "blocks_read": {
    "p50": 0,
    "p90": 0,
    "p99": 0
  },
  "database_size": 351791367,
  "num_requests": 1
}