{
  "client_addr": "127.0.0.1:53761",
  "start_time": "13:47:41.324055",
  "end_time": "13:47:41.880642",
  "latencies_ns": {
    "p50": 556793855,
    "p90": 556793855,
    "p99": 556793855
  },
  "blocks_read": {
    "p50": 0,
    "p90": 0,
    "p99": 0
  },
  "database_size": 284629095,
  "num_requests": 1
}