{
  "client_addr": "127.0.0.1:53887",
  "start_time": "13:48:26.747053",
  "end_time": "13:48:26.892138",
  "latencies_ns": {
    "p50": 144965631,
    "p90": 144965631,
    "p99": 144965631
  },
  "blocks_read": {
    "p50": 0,
    "p90": 0,
    "p99": 0
  },
  "database_size": 848384619,
  "num_requests": 1
}