{
  "client_addr": "127.0.0.1:53737",
  "start_time": "13:47:33.319662",
  "end_time": "13:47:33.446786",
  "latencies_ns": {
    "p50": 126877695,
    "p90": 126877695,
    "p99": 126877695
  },
  "blocks_read": {
    "p50": 0,
    "p90": 0,
    "p99": 0
  },
  "database_size": 177703125,
  "num_requests": 1
}