{
  "client_addr": "127.0.0.1:53869",
  "start_time": "13:48:19.866507",
  "end_time": "13:48:20.381661",
  "latencies_ns": {
    "p50": 515112959,
    "p90": 515112959,
    "p99": 515112959
  },
  "blocks_read": {
    "p50": 0,
    "p90": 0,
    "p99": 0
  },
  "database_size": 767131346,
  "num_requests": 1
}