{
  "client_addr": "127.0.0.1:53710",
  "start_time": "13:47:25.442678",
  "end_time": "13:47:25.523275",
  "latencies_ns": {
    "p50": 80412671,
    "p90": 80412671,
    "p99": 80412671
  },
  "blocks_read": {
    "p50": 0,
    "p90": 0,
    "p99": 0
  },
  "database_size": 56423029,
  "num_requests": 1
}