{
  "client_addr": "127.0.0.1:53747",
  "start_time": "13:47:37.508625",
  "end_time": "13:47:37.592490",
  "latencies_ns": {
    "p50": 83689471,
    "p90": 83689471,
    "p99": 83689471
  },
  "blocks_read": {
    "p50": 0,
    "p90": 0,
    "p99": 0
  },
  "database_size": 221615989,
  "num_requests": 1
}