{
  "client_addr": "127.0.0.1:53850",
  "start_time": "13:48:13.353671",
  "end_time": "13:48:13.918112",
  "latencies_ns": {
    "p50": 564658175,
    "p90": 564658175,
    "p99": 564658175
  },
  "blocks_read": {
    "p50": 0,
    "p90": 0,
    "p99": 0
  },
  "database_size": 680906373,
  "num_requests": 1
}