{
  "client_addr": "127.0.0.1:53806",
  "start_time": "13:47:58.063625",
  "end_time": "13:47:58.623945",
  "latencies_ns": {
    "p50": 560463871,
    "p90": 560463871,
    "p99": 560463871
  },
  "blocks_read": {
    "p50": 0,
    "p90": 0,
    "p99": 0
  },
  "database_size": 486384577,
  "num_requests": 1
}