{
  "client_addr": "127.0.0.1:53822",
  "start_time": "13:48:05.340001",
  "end_time": "13:48:05.472140",
  "latencies_ns": {
    "p50": 131923967,
    "p90": 131923967,
    "p99": 131923967
  },
  "blocks_read": {
    "p50": 0,
    "p90": 0,
    "p99": 0
  },
  "database_size": 554923794,
  "num_requests": 1
}