{
  "client_addr": "127.0.0.1:53754",
  "start_time": "13:47:39.472038",
  "end_time": "13:47:39.548992",
  "latencies_ns": {
    "p50": 76742655,
    "p90": 76742655,
    "p99": 76742655
  },
  "blocks_read": {
    "p50": 0,
    "p90": 0,
    "p99": 0
  },
  "database_size": 251723890,
  "num_requests": 1
}