{
  "client_addr": "127.0.0.1:53774",
  "start_time": "13:47:46.685990",
  "end_time": "13:47:46.812907",
  "latencies_ns": {
    "p50": 126681087,
    "p90": 126681087,
    "p99": 126681087
  },
  "blocks_read": {
    "p50": 0,
    "p90": 0,
    "p99": 0
  },
  "database_size": 342384121,
  "num_requests": 1
}