{
  "client_addr": "127.0.0.1:53862",
  "start_time": "13:48:17.877743",
  "end_time": "13:48:18.236232",
  "latencies_ns": {
    "p50": 358350847,
    "p90": 358350847,
    "p99": 358350847
  },
  "blocks_read": {
    "p50": 0,
    "p90": 0,
    "p99": 0
  },
  "database_size": 737022773,
  "num_requests": 1
}