{
  "client_addr": "127.0.0.1:53840",
  "start_time": "13:48:10.620074",
  "end_time": "13:48:10.696692",
  "latencies_ns": {
    "p50": 76414975,
    "p90": 76414975,
    "p99": 76414975
  },
  "blocks_read": {
    "p50": 0,
    "p90": 0,
    "p99": 0
  },
  "database_size": 636700770,
  "num_requests": 1
}