{
  "client_addr": "127.0.0.1:53863",
  "start_time": "13:48:18.314918",
  "end_time": "13:48:18.442653",
  "latencies_ns": {
    "p50": 127533055,
    "p90": 127533055,
    "p99": 127533055
  },
  "blocks_read": {
    "p50": 0,
    "p90": 0,
    "p99": 0
  },
  "database_size": 738923714,
  "num_requests": 1
}