{
  "client_addr": "127.0.0.1:53823",
  "start_time": "13:48:05.555265",
  "end_time": "13:48:05.697687",
  "latencies_ns": {
    "p50": 142213119,
    "p90": 142213119,
    "p99": 142213119
  },
  "blocks_read": {
    "p50": 0,
    "p90": 0,
    "p99": 0
  },
  "database_size": 559627831,
  "num_requests": 1
}