{
  "client_addr": "127.0.0.1:53802",
  "start_time": "13:47:56.911065",
  "end_time": "13:47:57.397804",
  "latencies_ns": {
    "p50": 486539263,
    "p90": 486539263,
    "p99": 486539263
  },
  "blocks_read": {
    "p50": 0,
    "p90": 0,
    "p99": 0
  },
  "database_size": 467591378,
  "num_requests": 1
}