{
  "client_addr": "127.0.0.1:53796",
  "start_time": "13:47:55.390534",
  "end_time": "13:47:55.515347",
  "latencies_ns": {
    "p50": 124583935,
    "p90": 124583935,
    "p99": 124583935
  },
  "blocks_read": {
    "p50": 0,
    "p90": 0,
    "p99": 0
  },
  "database_size": 439383782,
  "num_requests": 1
}