{
  "client_addr": "127.0.0.1:53876",
  "start_time": "13:48:22.077839",
  "end_time": "13:48:24.445470",
  "latencies_ns": {
    "p50": 2367684607,
    "p90": 2367684607,
    "p99": 2367684607
  },
  "blocks_read": {
    "p50": 0,
    "p90": 0,
    "p99": 0
  },
  "database_size": 800005413,
  "num_requests": 1
}