{
  "client_addr": "127.0.0.1:53868",
  "start_time": "13:48:19.645469",
  "end_time": "13:48:19.785804",
  "latencies_ns": {
    "p50": 140247039,
    "p90": 140247039,
    "p99": 140247039
  },
  "blocks_read": {
    "p50": 0,
    "p90": 0,
    "p99": 0
  },
  "database_size": 762428140,
  "num_requests": 1
}