{
  "client_addr": "127.0.0.1:53893",
  "start_time": "13:48:28.694368",
  "end_time": "13:48:28.816231",
  "latencies_ns": {
    "p50": 121700351,
    "p90": 121700351,
    "p99": 121700351
  },
  "blocks_read": {
    "p50": 0,
    "p90": 0,
    "p99": 0
  },
  "database_size": 873774707,
  "num_requests": 1
}