{
  "client_addr": "127.0.0.1:53829",
  "start_time": "13:48:07.604622",
  "end_time": "13:48:07.685881",
  "latencies_ns": {
    "p50": 81068031,
    "p90": 81068031,
    "p99": 81068031
  },
  "blocks_read": {
    "p50": 0,
    "p90": 0,
    "p99": 0
  },
  "database_size": 587799007,
  "num_requests": 1
}