{
  "client_addr": "127.0.0.1:53716",
  "start_time": "13:47:27.153574",
  "end_time": "13:47:27.719238",
  "latencies_ns": {
    "p50": 565706751,
    "p90": 565706751,
    "p99": 565706751
  },
  "blocks_read": {
    "p50": 0,
    "p90": 0,
    "p99": 0
  },
  "database_size": 81829110,
  "num_requests": 1
}