{
  "client_addr": "127.0.0.1:53851",
  "start_time": "13:48:13.996427",
  "end_time": "13:48:14.077599",
  "latencies_ns": {
    "p50": 80936959,
    "p90": 80936959,
    "p99": 80936959
  },
  "blocks_read": {
    "p50": 0,
    "p90": 0,
    "p99": 0
  },
  "database_size": 685580439,
  "num_requests": 1
}