{
  "client_addr": "127.0.0.1:53836",
  "start_time": "13:48:09.631287",
  "end_time": "13:48:09.714148",
  "latencies_ns": {
    "p50": 82640895,
    "p90": 82640895,
    "p99": 82640895
  },
  "blocks_read": {
    "p50": 0,
    "p90": 0,
    "p99": 0
  },
  "database_size": 617893099,
  "num_requests": 1
}