{
  "client_addr": "127.0.0.1:53727",
  "start_time": "13:47:30.430276",
  "end_time": "13:47:30.796291",
  "latencies_ns": {
    "p50": 365953023,
    "p90": 365953023,
    "p99": 365953023
  },
  "blocks_read": {
    "p50": 0,
    "p90": 0,
    "p99": 0
  },
  "database_size": 130709370,
  "num_requests": 1
}