{
  "client_addr": "127.0.0.1:53722",
  "start_time": "13:47:29.301671",
  "end_time": "13:47:29.426973",
  "latencies_ns": {
    "p50": 125108223,
    "p90": 125108223,
    "p99": 125108223
  },
  "blocks_read": {
    "p50": 0,
    "p90": 0,
    "p99": 0
  },
  "database_size": 109986471,
  "num_requests": 1
}