{
  "client_addr": "127.0.0.1:53834",
  "start_time": "13:48:09.105299",
  "end_time": "13:48:09.229248",
  "latencies_ns": {
    "p50": 123731967,
    "p90": 123731967,
    "p99": 123731967
  },
  "blocks_read": {
    "p50": 0,
    "p90": 0,
    "p99": 0
  },
  "database_size": 611282080,
  "num_requests": 1
}