{
  "client_addr": "127.0.0.1:53848",
  "start_time": "13:48:12.907769",
  "end_time": "13:48:12.992049",
  "latencies_ns": {
    "p50": 84017151,
    "p90": 84017151,
    "p99": 84017151
  },
  "blocks_read": {
    "p50": 0,
    "p90": 0,
    "p99": 0
  },
  "database_size": 674293962,
  "num_requests": 1
}