{
  "client_addr": "127.0.0.1:53877",
  "start_time": "13:48:24.527130",
  "end_time": "13:48:24.604830",
  "latencies_ns": {
    "p50": 77529087,
    "p90": 77529087,
    "p99": 77529087
  },
  "blocks_read": {
    "p50": 0,
    "p90": 0,
    "p99": 0
  },
  "database_size": 801353893,
  "num_requests": 1
}