{
  "client_addr": "127.0.0.1:53864",
  "start_time": "13:48:18.522375",
  "end_time": "13:48:18.664802",
  "latencies_ns": {
    "p50": 142213119,
    "p90": 142213119,
    "p99": 142213119
  },
  "blocks_read": {
    "p50": 0,
    "p90": 0,
    "p99": 0
  },
  "database_size": 743627574,
  "num_requests": 1
}