{
  "client_addr": "127.0.0.1:53816",
  "start_time": "13:48:03.580737",
  "end_time": "13:48:03.724326",
  "latencies_ns": {
    "p50": 143392767,
    "p90": 143392767,
    "p99": 143392767
  },
  "blocks_read": {
    "p50": 0,
    "p90": 0,
    "p99": 0
  },
  "database_size": 529519801,
  "num_requests": 1
}