{
  "client_addr": "127.0.0.1:53798",
  "start_time": "13:47:55.823797",
  "end_time": "13:47:56.242087",
  "latencies_ns": {
    "p50": 418119679,
    "p90": 418119679,
    "p99": 418119679
  },
  "blocks_read": {
    "p50": 0,
    "p90": 0,
    "p99": 0
  },
  "database_size": 448791199,
  "num_requests": 1
}