{
  "client_addr": "127.0.0.1:53759",
  "start_time": "13:47:40.815973",
  "end_time": "13:47:40.943412",
  "latencies_ns": {
    "p50": 127205375,
    "p90": 127205375,
    "p99": 127205375
  },
  "blocks_read": {
    "p50": 0,
    "p90": 0,
    "p99": 0
  },
  "database_size": 275221660,
  "num_requests": 1
}