{
  "client_addr": "127.0.0.1:53755",
  "start_time": "13:47:39.631835",
  "end_time": "13:47:39.760361",
  "latencies_ns": {
    "p50": 128319487,
    "p90": 128319487,
    "p99": 128319487
  },
  "blocks_read": {
    "p50": 0,
    "p90": 0,
    "p99": 0
  },
  "database_size": 256428386,
  "num_requests": 1
}