{
  "client_addr": "127.0.0.1:53842",
  "start_time": "13:48:10.974141",
  "end_time": "13:48:11.120498",
  "latencies_ns": {
    "p50": 146145279,
    "p90": 146145279,
    "p99": 146145279
  },
  "blocks_read": {
    "p50": 0,
    "p90": 0,
    "p99": 0
  },
  "database_size": 646109354,
  "num_requests": 1
}