{
  "client_addr": "127.0.0.1:53743",
  "start_time": "13:47:36.668972",
  "end_time": "13:47:36.752466",
  "latencies_ns": {
    "p50": 83296255,
    "p90": 83296255,
    "p99": 83296255
  },
  "blocks_read": {
    "p50": 0,
    "p90": 0,
    "p99": 0
  },
  "database_size": 202800981,
  "num_requests": 1
}