{
  "client_addr": "127.0.0.1:53818",
  "start_time": "13:48:04.214780",
  "end_time": "13:48:04.297962",
  "latencies_ns": {
    "p50": 80871423,
    "p90": 80871423,
    "p99": 80871423
  },
  "blocks_read": {
    "p50": 0,
    "p90": 0,
    "p99": 0
  },
  "database_size": 538918777,
  "num_requests": 1
}