{
  "client_addr": "127.0.0.1:53751",
  "start_time": "13:47:38.521144",
  "end_time": "13:47:38.599368",
  "latencies_ns": {
    "p50": 78053375,
    "p90": 78053375,
    "p99": 78053375
  },
  "blocks_read": {
    "p50": 0,
    "p90": 0,
    "p99": 0
  },
  "database_size": 240423243,
  "num_requests": 1
}