{
  "client_addr": "127.0.0.1:53720",
  "start_time": "13:47:28.401060",
  "end_time": "13:47:29.060636",
  "latencies_ns": {
    "p50": 659554303,
    "p90": 659554303,
    "p99": 659554303
  },
  "blocks_read": {
    "p50": 0,
    "p90": 0,
    "p99": 0
  },
  "database_size": 100615128,
  "num_requests": 1
}