{
  "client_addr": "127.0.0.1:53878",
  "start_time": "13:48:24.685924",
  "end_time": "13:48:24.814701",
  "latencies_ns": {
    "p50": 128516095,
    "p90": 128516095,
    "p99": 128516095
  },
  "blocks_read": {
    "p50": 0,
    "p90": 0,
    "p99": 0
  },
  "database_size": 806058449,
  "num_requests": 1
}