{
  "client_addr": "127.0.0.1:53801",
  "start_time": "13:47:56.681381",
  "end_time": "13:47:56.830708",
  "latencies_ns": {
    "p50": 149159935,
    "p90": 149159935,
    "p99": 149159935
  },
  "blocks_read": {
    "p50": 0,
    "p90": 0,
    "p99": 0
  },
  "database_size": 462887752,
  "num_requests": 1
}