{
  "client_addr": "127.0.0.1:53756",
  "start_time": "13:47:39.845539",
  "end_time": "13:47:39.999464",
  "latencies_ns": {
    "p50": 153747455,
    "p90": 153747455,
    "p99": 153747455
  },
  "blocks_read": {
    "p50": 0,
    "p90": 0,
    "p99": 0
  },
  "database_size": 261132252,
  "num_requests": 1
}