{
  "client_addr": "127.0.0.1:53760",
  "start_time": "13:47:41.023861",
  "end_time": "13:47:41.244617",
  "latencies_ns": {
    "p50": 220463103,
    "p90": 220463103,
    "p99": 220463103
  },
  "blocks_read": {
    "p50": 0,
    "p90": 0,
    "p99": 0
  },
  "database_size": 279925676,
  "num_requests": 1
}