{
  "client_addr": "127.0.0.1:53797",
  "start_time": "13:47:55.595500",
  "end_time": "13:47:55.742120",
  "latencies_ns": {
    "p50": 146407423,
    "p90": 146407423,
    "p99": 146407423
  },
  "blocks_read": {
    "p50": 0,
    "p90": 0,
    "p99": 0
  },
  "database_size": 444087657,
  "num_requests": 1
}