{
  "client_addr": "127.0.0.1:53699",
  "start_time": "13:47:22.457267",
  "end_time": "13:47:22.588602",
  "latencies_ns": {
    "p50": 131071999,
    "p90": 131071999,
    "p99": 131071999
  },
  "blocks_read": {
    "p50": 0,
    "p90": 0,
    "p99": 0
  },
  "database_size": 4704415,
  "num_requests": 1
}