{
  "client_addr": "127.0.0.1:53810",
  "start_time": "13:48:02.394048",
  "end_time": "13:48:02.471856",
  "latencies_ns": {
    "p50": 77594623,
    "p90": 77594623,
    "p99": 77594623
  },
  "blocks_read": {
    "p50": 0,
    "p90": 0,
    "p99": 0
  },
  "database_size": 501296296,
  "num_requests": 1
}