{
  "client_addr": "127.0.0.1:53786",
  "start_time": "13:47:50.295891",
  "end_time": "13:47:50.446673",
  "latencies_ns": {
    "p50": 150601727,
    "p90": 150601727,
    "p99": 150601727
  },
  "blocks_read": {
    "p50": 0,
    "p90": 0,
    "p99": 0
  },
  "database_size": 395968058,
  "num_requests": 1
}