{
  "client_addr": "127.0.0.1:53742",
  "start_time": "13:47:34.859659",
  "end_time": "13:47:36.589035",
  "latencies_ns": {
    "p50": 1730150399,
    "p90": 1730150399,
    "p99": 1730150399
  },
  "blocks_read": {
    "p50": 0,
    "p90": 0,
    "p99": 0
  },
  "database_size": 198396410,
  "num_requests": 1
}