{
  "client_addr": "127.0.0.1:53768",
  "start_time": "13:47:45.276511",
  "end_time": "13:47:45.440429",
  "latencies_ns": {
    "p50": 163708927,
    "p90": 163708927,
    "p99": 163708927
  },
  "blocks_read": {
    "p50": 0,
    "p90": 0,
    "p99": 0
  },
  "database_size": 314169216,
  "num_requests": 1
}