{
  "client_addr": "127.0.0.1:53746",
  "start_time": "13:47:37.265508",
  "end_time": "13:47:37.428618",
  "latencies_ns": {
    "p50": 162922495,
    "p90": 162922495,
    "p99": 162922495
  },
  "blocks_read": {
    "p50": 0,
    "p90": 0,
    "p99": 0
  },
  "database_size": 216912999,
  "num_requests": 1
}