{
  "client_addr": "127.0.0.1:53775",
  "start_time": "13:47:46.892645",
  "end_time": "13:47:47.040172",
  "latencies_ns": {
    "p50": 147324927,
    "p90": 147324927,
    "p99": 147324927
  },
  "blocks_read": {
    "p50": 0,
    "p90": 0,
    "p99": 0
  },
  "database_size": 347088047,
  "num_requests": 1
}