{
  "client_addr": "127.0.0.1:53841",
  "start_time": "13:48:10.774353",
  "end_time": "13:48:10.895788",
  "latencies_ns": {
    "p50": 121241599,
    "p90": 121241599,
    "p99": 121241599
  },
  "blocks_read": {
    "p50": 0,
    "p90": 0,
    "p99": 0
  },
  "database_size": 641405116,
  "num_requests": 1
}