{
  "client_addr": "127.0.0.1:53717",
  "start_time": "13:47:27.799480",
  "end_time": "13:47:27.882918",
  "latencies_ns": {
    "p50": 83230719,
    "p90": 83230719,
    "p99": 83230719
  },
  "blocks_read": {
    "p50": 0,
    "p90": 0,
    "p99": 0
  },
  "database_size": 86503047,
  "num_requests": 1
}