{
  "client_addr": "127.0.0.1:53867",
  "start_time": "13:48:19.439628",
  "end_time": "13:48:19.565256",
  "latencies_ns": {
    "p50": 125435903,
    "p90": 125435903,
    "p99": 125435903
  },
  "blocks_read": {
    "p50": 0,
    "p90": 0,
    "p99": 0
  },
  "database_size": 757724205,
  "num_requests": 1
}