{
  "client_addr": "127.0.0.1:53719",
  "start_time": "13:47:28.172411",
  "end_time": "13:47:28.320278",
  "latencies_ns": {
    "p50": 147718143,
    "p90": 147718143,
    "p99": 147718143
  },
  "blocks_read": {
    "p50": 0,
    "p90": 0,
    "p99": 0
  },
  "database_size": 95911502,
  "num_requests": 1
}