{
  "client_addr": "127.0.0.1:53845",
  "start_time": "13:48:11.866805",
  "end_time": "13:48:11.998201",
  "latencies_ns": {
    "p50": 131203071,
    "p90": 131203071,
    "p99": 131203071
  },
  "blocks_read": {
    "p50": 0,
    "p90": 0,
    "p99": 0
  },
  "database_size": 660205535,
  "num_requests": 1
}