{
  "client_addr": "127.0.0.1:53827",
  "start_time": "13:48:06.708405",
  "end_time": "13:48:06.851171",
  "latencies_ns": {
    "p50": 142606335,
    "p90": 142606335,
    "p99": 142606335
  },
  "blocks_read": {
    "p50": 0,
    "p90": 0,
    "p99": 0
  },
  "database_size": 578421360,
  "num_requests": 1
}