{
  "client_addr": "127.0.0.1:53772",
  "start_time": "13:47:46.109584",
  "end_time": "13:47:46.445316",
  "latencies_ns": {
    "p50": 335544319,
    "p90": 335544319,
    "p99": 335544319
  },
  "blocks_read": {
    "p50": 0,
    "p90": 0,
    "p99": 0
  },
  "database_size": 332984026,
  "num_requests": 1
}