{
  "client_addr": "127.0.0.1:53881",
  "start_time": "13:48:25.359133",
  "end_time": "13:48:25.440877",
  "latencies_ns": {
    "p50": 81526783,
    "p90": 81526783,
    "p99": 81526783
  },
  "blocks_read": {
    "p50": 0,
    "p90": 0,
    "p99": 0
  },
  "database_size": 820168889,
  "num_requests": 1
}