{
  "client_addr": "127.0.0.1:53792",
  "start_time": "13:47:54.366284",
  "end_time": "13:47:54.451729",
  "latencies_ns": {
    "p50": 85262335,
    "p90": 85262335,
    "p99": 85262335
  },
  "blocks_read": {
    "p50": 0,
    "p90": 0,
    "p99": 0
  },
  "database_size": 423370808,
  "num_requests": 1
}