{
  "client_addr": "127.0.0.1:53770",
  "start_time": "13:47:45.678165",
  "end_time": "13:47:45.804706",
  "latencies_ns": {
    "p50": 126287871,
    "p90": 126287871,
    "p99": 126287871
  },
  "blocks_read": {
    "p50": 0,
    "p90": 0,
    "p99": 0
  },
  "database_size": 323576669,
  "num_requests": 1
}