{
  "client_addr": "127.0.0.1:53736",
  "start_time": "13:47:33.151798",
  "end_time": "13:47:33.238515",
  "latencies_ns": {
    "p50": 86507519,
    "p90": 86507519,
    "p99": 86507519
  },
  "blocks_read": {
    "p50": 0,
    "p90": 0,
    "p99": 0
  },
  "database_size": 172998689,
  "num_requests": 1
}