{
  "client_addr": "127.0.0.1:53817",
  "start_time": "13:48:03.803205",
  "end_time": "13:48:04.134498",
  "latencies_ns": {
    "p50": 331087871,
    "p90": 331087871,
    "p99": 331087871
  },
  "blocks_read": {
    "p50": 0,
    "p90": 0,
    "p99": 0
  },
  "database_size": 534223352,
  "num_requests": 1
}