{
  "client_addr": "127.0.0.1:53849",
  "start_time": "13:48:13.073226",
  "end_time": "13:48:13.275002",
  "latencies_ns": {
    "p50": 201588735,
    "p90": 201588735,
    "p99": 201588735
  },
  "blocks_read": {
    "p50": 0,
    "p90": 0,
    "p99": 0
  },
  "database_size": 678998353,
  "num_requests": 1
}