{
  "client_addr": "127.0.0.1:53819",
  "start_time": "13:48:04.377004",
  "end_time": "13:48:04.509370",
  "latencies_ns": {
    "p50": 132120575,
    "p90": 132120575,
    "p99": 132120575
  },
  "blocks_read": {
    "p50": 0,
    "p90": 0,
    "p99": 0
  },
  "database_size": 543623108,
  "num_requests": 1
}