{
  "client_addr": "127.0.0.1:53883",
  "start_time": "13:48:25.744159",
  "end_time": "13:48:25.885624",
  "latencies_ns": {
    "p50": 141295615,
    "p90": 141295615,
    "p99": 141295615
  },
  "blocks_read": {
    "p50": 0,
    "p90": 0,
    "p99": 0
  },
  "database_size": 829577167,
  "num_requests": 1
}