{
  "client_addr": "127.0.0.1:53762",
  "start_time": "13:47:41.960732",
  "end_time": "13:47:42.041942",
  "latencies_ns": {
    "p50": 81002495,
    "p90": 81002495,
    "p99": 81002495
  },
  "blocks_read": {
    "p50": 0,
    "p90": 0,
    "p99": 0
  },
  "database_size": 289303278,
  "num_requests": 1
}