{
  "client_addr": "127.0.0.1:53857",
  "start_time": "13:48:16.789666",
  "end_time": "13:48:16.947949",
  "latencies_ns": {
    "p50": 158072831,
    "p90": 158072831,
    "p99": 158072831
  },
  "blocks_read": {
    "p50": 0,
    "p90": 0,
    "p99": 0
  },
  "database_size": 713504811,
  "num_requests": 1
}