{
  "client_addr": "127.0.0.1:53723",
  "start_time": "13:47:29.509385",
  "end_time": "13:47:29.655305",
  "latencies_ns": {
    "p50": 145752063,
    "p90": 145752063,
    "p99": 145752063
  },
  "blocks_read": {
    "p50": 0,
    "p90": 0,
    "p99": 0
  },
  "database_size": 114690397,
  "num_requests": 1
}