{
  "client_addr": "127.0.0.1:53866",
  "start_time": "13:48:19.244206",
  "end_time": "13:48:19.329877",
  "latencies_ns": {
    "p50": 85458943,
    "p90": 85458943,
    "p99": 85458943
  },
  "blocks_read": {
    "p50": 0,
    "p90": 0,
    "p99": 0
  },
  "database_size": 753019769,
  "num_requests": 1
}