{
  "client_addr": "127.0.0.1:53824",
  "start_time": "13:48:05.776421",
  "end_time": "13:48:06.260651",
  "latencies_ns": {
    "p50": 484179967,
    "p90": 484179967,
    "p99": 484179967
  },
  "blocks_read": {
    "p50": 0,
    "p90": 0,
    "p99": 0
  },
  "database_size": 564331430,
  "num_requests": 1
}