{
  "client_addr": "127.0.0.1:53855",
  "start_time": "13:48:16.416732",
  "end_time": "13:48:16.505628",
  "latencies_ns": {
    "p50": 88670207,
    "p90": 88670207,
    "p99": 88670207
  },
  "blocks_read": {
    "p50": 0,
    "p90": 0,
    "p99": 0
  },
  "database_size": 704096461,
  "num_requests": 1
}