{
  "client_addr": "127.0.0.1:53714",
  "start_time": "13:47:26.711739",
  "end_time": "13:47:26.840744",
  "latencies_ns": {
    "p50": 128778239,
    "p90": 128778239,
    "p99": 128778239
  },
  "blocks_read": {
    "p50": 0,
    "p90": 0,
    "p99": 0
  },
  "database_size": 72421570,
  "num_requests": 1
}