{
  "client_addr": "127.0.0.1:53825",
  "start_time": "13:48:06.339508",
  "end_time": "13:48:06.419709",
  "latencies_ns": {
    "p50": 80019455,
    "p90": 80019455,
    "p99": 80019455
  },
  "blocks_read": {
    "p50": 0,
    "p90": 0,
    "p99": 0
  },
  "database_size": 569012872,
  "num_requests": 1
}