{
  "client_addr": "127.0.0.1:53884",
  "start_time": "13:48:25.965904",
  "end_time": "13:48:26.301995",
  "latencies_ns": {
    "p50": 336068607,
    "p90": 336068607,
    "p99": 336068607
  },
  "blocks_read": {
    "p50": 0,
    "p90": 0,
    "p99": 0
  },
  "database_size": 834280781,
  "num_requests": 1
}