{
  "client_addr": "127.0.0.1:53830",
  "start_time": "13:48:07.767421",
  "end_time": "13:48:07.892089",
  "latencies_ns": {
    "p50": 124387327,
    "p90": 124387327,
    "p99": 124387327
  },
  "blocks_read": {
    "p50": 0,
    "p90": 0,
    "p99": 0
  },
  "database_size": 592503443,
  "num_requests": 1
}