{
  "client_addr": "127.0.0.1:53843",
  "start_time": "13:48:11.199125",
  "end_time": "13:48:11.615152",
  "latencies_ns": {
    "p50": 416022527,
    "p90": 416022527,
    "p99": 416022527
  },
  "blocks_read": {
    "p50": 0,
    "p90": 0,
    "p99": 0
  },
  "database_size": 650812767,
  "num_requests": 1
}