{
  "client_addr": "127.0.0.1:53784",
  "start_time": "13:47:49.925628",
  "end_time": "13:47:50.010068",
  "latencies_ns": {
    "p50": 84213759,
    "p90": 84213759,
    "p99": 84213759
  },
  "blocks_read": {
    "p50": 0,
    "p90": 0,
    "p99": 0
  },
  "database_size": 386559693,
  "num_requests": 1
}