{
  "client_addr": "127.0.0.1:53715",
  "start_time": "13:47:26.920538",
  "end_time": "13:47:27.069848",
  "latencies_ns": {
    "p50": 149159935,
    "p90": 149159935,
    "p99": 149159935
  },
  "blocks_read": {
    "p50": 0,
    "p90": 0,
    "p99": 0
  },
  "database_size": 77125550,
  "num_requests": 1
}