{
  "client_addr": "127.0.0.1:53765",
  "start_time": "13:47:42.550483",
  "end_time": "13:47:44.751087",
  "latencies_ns": {
    "p50": 2202009599,
    "p90": 2202009599,
    "p99": 2202009599
  },
  "blocks_read": {
    "p50": 0,
    "p90": 0,
    "p99": 0
  },
  "database_size": 303414978,
  "num_requests": 1
}