{
  "client_addr": "127.0.0.1:53790",
  "start_time": "13:47:53.849086",
  "end_time": "13:47:53.994802",
  "latencies_ns": {
    "p50": 145489919,
    "p90": 145489919,
    "p99": 145489919
  },
  "blocks_read": {
    "p50": 0,
    "p90": 0,
    "p99": 0
  },
  "database_size": 413964495,
  "num_requests": 1
}