{
  "client_addr": "127.0.0.1:53700",
  "start_time": "13:47:22.668606",
  "end_time": "13:47:22.821559",
  "latencies_ns": {
    "p50": 152698879,
    "p90": 152698879,
    "p99": 152698879
  },
  "blocks_read": {
    "p50": 0,
    "p90": 0,
    "p99": 0
  },
  "database_size": 9408329,
  "num_requests": 1
}