{
  "client_addr": "127.0.0.1:53791",
  "start_time": "13:47:54.117891",
  "end_time": "13:47:54.284322",
  "latencies_ns": {
    "p50": 166199295,
    "p90": 166199295,
    "p99": 166199295
  },
  "blocks_read": {
    "p50": 0,
    "p90": 0,
    "p99": 0
  },
  "database_size": 418667926,
  "num_requests": 1
}