{
  "client_addr": "127.0.0.1:53733",
  "start_time": "13:47:32.132357",
  "end_time": "13:47:32.255519",
  "latencies_ns": {
    "p50": 122945535,
    "p90": 122945535,
    "p99": 122945535
  },
  "blocks_read": {
    "p50": 0,
    "p90": 0,
    "p99": 0
  },
  "database_size": 158909752,
  "num_requests": 1
}