{
  "client_addr": "127.0.0.1:53891",
  "start_time": "13:48:27.961406",
  "end_time": "13:48:28.453679",
  "latencies_ns": {
    "p50": 492044287,
    "p90": 492044287,
    "p99": 492044287
  },
  "blocks_read": {
    "p50": 0,
    "p90": 0,
    "p99": 0
  },
  "database_size": 864388712,
  "num_requests": 1
}