{
  "client_addr": "127.0.0.1:53793",
  "start_time": "13:47:54.533157",
  "end_time": "13:47:54.654522",
  "latencies_ns": {
    "p50": 121176063,
    "p90": 121176063,
    "p99": 121176063
  },
  "blocks_read": {
    "p50": 0,
    "p90": 0,
    "p99": 0
  },
  "database_size": 428075184,
  "num_requests": 1
}