{
  "client_addr": "127.0.0.1:53725",
  "start_time": "13:47:29.977915",
  "end_time": "13:47:30.127147",
  "latencies_ns": {
    "p50": 149028863,
    "p90": 149028863,
    "p99": 149028863
  },
  "blocks_read": {
    "p50": 0,
    "p90": 0,
    "p99": 0
  },
  "database_size": 124097106,
  "num_requests": 1
}