{
  "client_addr": "127.0.0.1:53730",
  "start_time": "13:47:31.239619",
  "end_time": "13:47:31.384534",
  "latencies_ns": {
    "p50": 144703487,
    "p90": 144703487,
    "p99": 144703487
  },
  "blocks_read": {
    "p50": 0,
    "p90": 0,
    "p99": 0
  },
  "database_size": 144813505,
  "num_requests": 1
}