{
  "client_addr": "127.0.0.1:53799",
  "start_time": "13:47:56.320763",
  "end_time": "13:47:56.399952",
  "latencies_ns": {
    "p50": 78970879,
    "p90": 78970879,
    "p99": 78970879
  },
  "blocks_read": {
    "p50": 0,
    "p90": 0,
    "p99": 0
  },
  "database_size": 453479426,
  "num_requests": 1
}