{
  "client_addr": "127.0.0.1:53814",
  "start_time": "13:48:03.216975",
  "end_time": "13:48:03.299484",
  "latencies_ns": {
    "p50": 82313215,
    "p90": 82313215,
    "p99": 82313215
  },
  "blocks_read": {
    "p50": 0,
    "p90": 0,
    "p99": 0
  },
  "database_size": 520111367,
  "num_requests": 1
}