{
  "client_addr": "127.0.0.1:53708",
  "start_time": "13:47:24.550780",
  "end_time": "13:47:24.693262",
  "latencies_ns": {
    "p50": 142344191,
    "p90": 142344191,
    "p99": 142344191
  },
  "blocks_read": {
    "p50": 0,
    "p90": 0,
    "p99": 0
  },
  "database_size": 47030741,
  "num_requests": 1
}