{
  "client_addr": "127.0.0.1:53698",
  "start_time": "13:47:22.294938",
  "end_time": "13:47:22.376164",
  "latencies_ns": {
    "p50": 80805887,
    "p90": 80805887,
    "p99": 80805887
  },
  "blocks_read": {
    "p50": 0,
    "p90": 0,
    "p99": 0
  },
  "database_size": 24,
  "num_requests": 1
}