{
  "client_addr": "127.0.0.1:53859",
  "start_time": "13:48:17.286288",
  "end_time": "13:48:17.367754",
  "latencies_ns": {
    "p50": 81199103,
    "p90": 81199103,
    "p99": 81199103
  },
  "blocks_read": {
    "p50": 0,
    "p90": 0,
    "p99": 0
  },
  "database_size": 722911070,
  "num_requests": 1
}