{
  "client_addr": "127.0.0.1:53854",
  "start_time": "13:48:14.587764",
  "end_time": "13:48:16.335861",
  "latencies_ns": {
    "p50": 1747976191,
    "p90": 1747976191,
    "p99": 1747976191
  },
  "blocks_read": {
    "p50": 0,
    "p90": 0,
    "p99": 0
  },
  "database_size": 699692427,
  "num_requests": 1
}