{
  "client_addr": "127.0.0.1:53808",
  "start_time": "13:47:58.925953",
  "end_time": "13:47:59.073032",
  "latencies_ns": {
    "p50": 146800639,
    "p90": 146800639,
    "p99": 146800639
  },
  "blocks_read": {
    "p50": 0,
    "p90": 0,
    "p99": 0
  },
  "database_size": 492967837,
  "num_requests": 1
}