{
  "client_addr": "127.0.0.1:53865",
  "start_time": "13:48:18.747520",
  "end_time": "13:48:19.161844",
  "latencies_ns": {
    "p50": 414187519,
    "p90": 414187519,
    "p99": 414187519
  },
  "blocks_read": {
    "p50": 0,
    "p90": 0,
    "p99": 0
  },
  "database_size": 748331338,
  "num_requests": 1
}