{
  "client_addr": "127.0.0.1:53890",
  "start_time": "13:48:27.667773",
  "end_time": "13:48:27.882201",
  "latencies_ns": {
    "p50": 214171647,
    "p90": 214171647,
    "p99": 214171647
  },
  "blocks_read": {
    "p50": 0,
    "p90": 0,
    "p99": 0
  },
  "database_size": 862480899,
  "num_requests": 1
}