{
  "client_addr": "127.0.0.1:53734",
  "start_time": "13:47:32.335265",
  "end_time": "13:47:32.483276",
  "latencies_ns": {
    "p50": 147849215,
    "p90": 147849215,
    "p99": 147849215
  },
  "blocks_read": {
    "p50": 0,
    "p90": 0,
    "p99": 0
  },
  "database_size": 163613687,
  "num_requests": 1
}