{
  "client_addr": "127.0.0.1:54836",
  "start_time": "15:11:28.580234",
  "end_time": "15:11:28.751254",
  "latencies_ns": {
    "p50": 170917887,
    "p90": 170917887,
    "p99": 170917887
  },
  "blocks_read": {
    "p50": 0,
    "p90": 0,
    "p99": 0
  },
  "database_size": 28390304,
  "num_requests": 1
}