{
  "client_addr": "127.0.0.1:54880",
  "start_time": "15:11:43.576089",
  "end_time": "15:11:43.715512",
  "latencies_ns": {
    "p50": 139329535,
    "p90": 139329535,
    "p99": 139329535
  },
  "blocks_read": {
    "p50": 0,
    "p90": 0,
    "p99": 0
  },
  "database_size": 227925595,
  "num_requests": 1
}