{
  "client_addr": "127.0.0.1:54868",
  "start_time": "15:11:40.279979",
  "end_time": "15:11:40.364660",
  "latencies_ns": {
    "p50": 84475903,
    "p90": 84475903,
    "p99": 84475903
  },
  "blocks_read": {
    "p50": 0,
    "p90": 0,
    "p99": 0
  },
  "database_size": 173935704,
  "num_requests": 1
}