{
  "client_addr": "127.0.0.1:54924",
  "start_time": "15:12:04.080220",
  "end_time": "15:12:04.174743",
  "latencies_ns": {
    "p50": 94306303,
    "p90": 94306303,
    "p99": 94306303
  },
  "blocks_read": {
    "p50": 0,
    "p90": 0,
    "p99": 0
  },
  "database_size": 425968163,
  "num_requests": 1
}