{
  "client_addr": "127.0.0.1:54834",
  "start_time": "15:11:28.185975",
  "end_time": "15:11:28.277585",
  "latencies_ns": {
    "p50": 91357183,
    "p90": 91357183,
    "p99": 91357183
  },
  "blocks_read": {
    "p50": 0,
    "p90": 0,
    "p99": 0
  },
  "database_size": 18926180,
  "num_requests": 1
}