{
  "client_addr": "127.0.0.1:54925",
  "start_time": "15:12:04.255612",
  "end_time": "15:12:04.396810",
  "latencies_ns": {
    "p50": 141033471,
    "p90": 141033471,
    "p99": 141033471
  },
  "blocks_read": {
    "p50": 0,
    "p90": 0,
    "p99": 0
  },
  "database_size": 430700383,
  "num_requests": 1
}