{
  "client_addr": "127.0.0.1:54832",
  "start_time": "15:11:27.649282",
  "end_time": "15:11:27.814104",
  "latencies_ns": {
    "p50": 164626431,
    "p90": 164626431,
    "p99": 164626431
  },
  "blocks_read": {
    "p50": 0,
    "p90": 0,
    "p99": 0
  },
  "database_size": 9464010,
  "num_requests": 1
}