{
  "client_addr": "127.0.0.1:55013",
  "start_time": "15:12:35.628960",
  "end_time": "15:12:35.762555",
  "latencies_ns": {
    "p50": 133365759,
    "p90": 133365759,
    "p99": 133365759
  },
  "blocks_read": {
    "p50": 0,
    "p90": 0,
    "p99": 0
  },
  "database_size": 812096753,
  "num_requests": 1
}