{
  "client_addr": "127.0.0.1:54938",
  "start_time": "15:12:07.806421",
  "end_time": "15:12:08.409982",
  "latencies_ns": {
    "p50": 603455487,
    "p90": 603455487,
    "p99": 603455487
  },
  "blocks_read": {
    "p50": 0,
    "p90": 0,
    "p99": 0
  },
  "database_size": 489420846,
  "num_requests": 1
}