{
  "client_addr": "127.0.0.1:55030",
  "start_time": "15:12:48.816718",
  "end_time": "15:12:48.980879",
  "latencies_ns": {
    "p50": 163971071,
    "p90": 163971071,
    "p99": 163971071
  },
  "blocks_read": {
    "p50": 0,
    "p90": 0,
    "p99": 0
  },
  "database_size": 879701383,
  "num_requests": 1
}