{
  "client_addr": "127.0.0.1:54964",
  "start_time": "15:12:17.369394",
  "end_time": "15:12:17.575493",
  "latencies_ns": {
    "p50": 205914111,
    "p90": 205914111,
    "p99": 205914111
  },
  "blocks_read": {
    "p50": 0,
    "p90": 0,
    "p99": 0
  },
  "database_size": 606600915,
  "num_requests": 1
}