{
  "client_addr": "127.0.0.1:55002",
  "start_time": "15:12:32.500305",
  "end_time": "15:12:32.634627",
  "latencies_ns": {
    "p50": 134152191,
    "p90": 134152191,
    "p99": 134152191
  },
  "blocks_read": {
    "p50": 0,
    "p90": 0,
    "p99": 0
  },
  "database_size": 762839208,
  "num_requests": 1
}