{
  "client_addr": "127.0.0.1:54840",
  "start_time": "15:11:29.746727",
  "end_time": "15:11:29.912871",
  "latencies_ns": {
    "p50": 165806079,
    "p90": 165806079,
    "p99": 165806079
  },
  "blocks_read": {
    "p50": 0,
    "p90": 0,
    "p99": 0
  },
  "database_size": 47309092,
  "num_requests": 1
}