{
  "client_addr": "127.0.0.1:54975",
  "start_time": "15:12:20.533895",
  "end_time": "15:12:21.166974",
  "latencies_ns": {
    "p50": 632815615,
    "p90": 632815615,
    "p99": 632815615
  },
  "blocks_read": {
    "p50": 0,
    "p90": 0,
    "p99": 0
  },
  "database_size": 655858901,
  "num_requests": 1
}