{
  "client_addr": "127.0.0.1:54963",
  "start_time": "15:12:17.114478",
  "end_time": "15:12:17.285106",
  "latencies_ns": {
    "p50": 170524671,
    "p90": 170524671,
    "p99": 170524671
  },
  "blocks_read": {
    "p50": 0,
    "p90": 0,
    "p99": 0
  },
  "database_size": 601869487,
  "num_requests": 1
}