{
  "client_addr": "127.0.0.1:54901",
  "start_time": "15:11:52.098263",
  "end_time": "15:11:52.183446",
  "latencies_ns": {
    "p50": 85000191,
    "p90": 85000191,
    "p99": 85000191
  },
  "blocks_read": {
    "p50": 0,
    "p90": 0,
    "p99": 0
  },
  "database_size": 321289562,
  "num_requests": 1
}