{
  "client_addr": "127.0.0.1:54864",
  "start_time": "15:11:37.697052",
  "end_time": "15:11:37.784311",
  "latencies_ns": {
    "p50": 87097343,
    "p90": 87097343,
    "p99": 87097343
  },
  "blocks_read": {
    "p50": 0,
    "p90": 0,
    "p99": 0
  },
  "database_size": 155221022,
  "num_requests": 1
}