{
  "client_addr": "127.0.0.1:55018",
  "start_time": "15:12:37.160450",
  "end_time": "15:12:37.325695",
  "latencies_ns": {
    "p50": 165019647,
    "p90": 165019647,
    "p99": 165019647
  },
  "blocks_read": {
    "p50": 0,
    "p90": 0,
    "p99": 0
  },
  "database_size": 835732824,
  "num_requests": 1
}