{
  "client_addr": "127.0.0.1:54923",
  "start_time": "15:12:00.718383",
  "end_time": "15:12:03.995460",
  "latencies_ns": {
    "p50": 3277848575,
    "p90": 3277848575,
    "p99": 3277848575
  },
  "blocks_read": {
    "p50": 0,
    "p90": 0,
    "p99": 0
  },
  "database_size": 421993543,
  "num_requests": 1
}