{
  "client_addr": "127.0.0.1:54944",
  "start_time": "15:12:10.121717",
  "end_time": "15:12:10.289488",
  "latencies_ns": {
    "p50": 167641087,
    "p90": 167641087,
    "p99": 167641087
  },
  "blocks_read": {
    "p50": 0,
    "p90": 0,
    "p99": 0
  },
  "database_size": 514992021,
  "num_requests": 1
}