{
  "client_addr": "127.0.0.1:54857",
  "start_time": "15:11:35.263079",
  "end_time": "15:11:35.427379",
  "latencies_ns": {
    "p50": 164102143,
    "p90": 164102143,
    "p99": 164102143
  },
  "blocks_read": {
    "p50": 0,
    "p90": 0,
    "p99": 0
  },
  "database_size": 124904705,
  "num_requests": 1
}