{
  "client_addr": "127.0.0.1:54953",
  "start_time": "15:12:12.435422",
  "end_time": "15:12:12.963574",
  "latencies_ns": {
    "p50": 527958015,
    "p90": 527958015,
    "p99": 527958015
  },
  "blocks_read": {
    "p50": 0,
    "p90": 0,
    "p99": 0
  },
  "database_size": 557568282,
  "num_requests": 1
}