{
  "client_addr": "127.0.0.1:54982",
  "start_time": "15:12:24.542513",
  "end_time": "15:12:24.788059",
  "latencies_ns": {
    "p50": 245366783,
    "p90": 245366783,
    "p99": 245366783
  },
  "blocks_read": {
    "p50": 0,
    "p90": 0,
    "p99": 0
  },
  "database_size": 683827257,
  "num_requests": 1
}