{
  "client_addr": "127.0.0.1:55010",
  "start_time": "15:12:34.567220",
  "end_time": "15:12:34.709568",
  "latencies_ns": {
    "p50": 142213119,
    "p90": 142213119,
    "p99": 142213119
  },
  "blocks_read": {
    "p50": 0,
    "p90": 0,
    "p99": 0
  },
  "database_size": 800684311,
  "num_requests": 1
}