{
  "client_addr": "127.0.0.1:54937",
  "start_time": "15:12:07.557732",
  "end_time": "15:12:07.724608",
  "latencies_ns": {
    "p50": 166723583,
    "p90": 166723583,
    "p99": 166723583
  },
  "blocks_read": {
    "p50": 0,
    "p90": 0,
    "p99": 0
  },
  "database_size": 484689511,
  "num_requests": 1
}