{
  "client_addr": "127.0.0.1:54921",
  "start_time": "15:12:00.252767",
  "end_time": "15:12:00.391847",
  "latencies_ns": {
    "p50": 138936319,
    "p90": 138936319,
    "p99": 138936319
  },
  "blocks_read": {
    "p50": 0,
    "p90": 0,
    "p99": 0
  },
  "database_size": 412530469,
  "num_requests": 1
}