{
  "client_addr": "127.0.0.1:54893",
  "start_time": "15:11:49.197060",
  "end_time": "15:11:49.596401",
  "latencies_ns": {
    "p50": 399245311,
    "p90": 399245311,
    "p99": 399245311
  },
  "blocks_read": {
    "p50": 0,
    "p90": 0,
    "p99": 0
  },
  "database_size": 286250185,
  "num_requests": 1
}