{
  "client_addr": "127.0.0.1:54967",
  "start_time": "15:12:18.052309",
  "end_time": "15:12:18.561386",
  "latencies_ns": {
    "p50": 509083647,
    "p90": 509083647,
    "p99": 509083647
  },
  "blocks_read": {
    "p50": 0,
    "p90": 0,
    "p99": 0
  },
  "database_size": 620796026,
  "num_requests": 1
}