{
  "client_addr": "127.0.0.1:54914",
  "start_time": "15:11:57.886781",
  "end_time": "15:11:58.056414",
  "latencies_ns": {
    "p50": 169476095,
    "p90": 169476095,
    "p99": 169476095
  },
  "blocks_read": {
    "p50": 0,
    "p90": 0,
    "p99": 0
  },
  "database_size": 379446068,
  "num_requests": 1
}