{
  "client_addr": "127.0.0.1:54973",
  "start_time": "15:12:20.056556",
  "end_time": "15:12:20.202702",
  "latencies_ns": {
    "p50": 146014207,
    "p90": 146014207,
    "p99": 146014207
  },
  "blocks_read": {
    "p50": 0,
    "p90": 0,
    "p99": 0
  },
  "database_size": 646395569,
  "num_requests": 1
}