{
  "client_addr": "127.0.0.1:54987",
  "start_time": "15:12:25.754886",
  "end_time": "15:12:26.161021",
  "latencies_ns": {
    "p50": 406061055,
    "p90": 406061055,
    "p99": 406061055
  },
  "blocks_read": {
    "p50": 0,
    "p90": 0,
    "p99": 0
  },
  "database_size": 704717406,
  "num_requests": 1
}