{
  "client_addr": "127.0.0.1:54902",
  "start_time": "15:11:52.262955",
  "end_time": "15:11:52.401169",
  "latencies_ns": {
    "p50": 138018815,
    "p90": 138018815,
    "p99": 138018815
  },
  "blocks_read": {
    "p50": 0,
    "p90": 0,
    "p99": 0
  },
  "database_size": 326021917,
  "num_requests": 1
}