{
  "client_addr": "127.0.0.1:54942",
  "start_time": "15:12:09.743985",
  "end_time": "15:12:09.825855",
  "latencies_ns": {
    "p50": 81657855,
    "p90": 81657855,
    "p99": 81657855
  },
  "blocks_read": {
    "p50": 0,
    "p90": 0,
    "p99": 0
  },
  "database_size": 505527948,
  "num_requests": 1
}