{
  "client_addr": "127.0.0.1:54943",
  "start_time": "15:12:09.904611",
  "end_time": "15:12:10.042588",
  "latencies_ns": {
    "p50": 137887743,
    "p90": 137887743,
    "p99": 137887743
  },
  "blocks_read": {
    "p50": 0,
    "p90": 0,
    "p99": 0
  },
  "database_size": 510260273,
  "num_requests": 1
}