{
  "client_addr": "127.0.0.1:54919",
  "start_time": "15:11:59.395171",
  "end_time": "15:11:59.999990",
  "latencies_ns": {
    "p50": 605028351,
    "p90": 605028351,
    "p99": 605028351
  },
  "blocks_read": {
    "p50": 0,
    "p90": 0,
    "p99": 0
  },
  "database_size": 403089493,
  "num_requests": 1
}