{
  "client_addr": "127.0.0.1:54846",
  "start_time": "15:11:31.980132",
  "end_time": "15:11:32.124905",
  "latencies_ns": {
    "p50": 144572415,
    "p90": 144572415,
    "p99": 144572415
  },
  "blocks_read": {
    "p50": 0,
    "p90": 0,
    "p99": 0
  },
  "database_size": 72894571,
  "num_requests": 1
}