{
  "client_addr": "127.0.0.1:54898",
  "start_time": "15:11:50.921700",
  "end_time": "15:11:51.093619",
  "latencies_ns": {
    "p50": 171704319,
    "p90": 171704319,
    "p99": 171704319
  },
  "blocks_read": {
    "p50": 0,
    "p90": 0,
    "p99": 0
  },
  "database_size": 309885212,
  "num_requests": 1
}