{
  "client_addr": "127.0.0.1:54892",
  "start_time": "15:11:48.948334",
  "end_time": "15:11:49.116194",
  "latencies_ns": {
    "p50": 167641087,
    "p90": 167641087,
    "p99": 167641087
  },
  "blocks_read": {
    "p50": 0,
    "p90": 0,
    "p99": 0
  },
  "database_size": 281518922,
  "num_requests": 1
}