{
  "client_addr": "127.0.0.1:54968",
  "start_time": "15:12:18.640514",
  "end_time": "15:12:18.725058",
  "latencies_ns": {
    "p50": 84279295,
    "p90": 84279295,
    "p99": 84279295
  },
  "blocks_read": {
    "p50": 0,
    "p90": 0,
    "p99": 0
  },
  "database_size": 622751496,
  "num_requests": 1
}