{
  "client_addr": "127.0.0.1:55003",
  "start_time": "15:12:32.713679",
  "end_time": "15:12:32.880845",
  "latencies_ns": {
    "p50": 166985727,
    "p90": 166985727,
    "p99": 166985727
  },
  "blocks_read": {
    "p50": 0,
    "p90": 0,
    "p99": 0
  },
  "database_size": 767570980,
  "num_requests": 1
}