{
  "client_addr": "127.0.0.1:54990",
  "start_time": "15:12:26.410262",
  "end_time": "15:12:26.554684",
  "latencies_ns": {
    "p50": 144310271,
    "p90": 144310271,
    "p99": 144310271
  },
  "blocks_read": {
    "p50": 0,
    "p90": 0,
    "p99": 0
  },
  "database_size": 714173167,
  "num_requests": 1
}