{
  "client_addr": "127.0.0.1:54887",
  "start_time": "15:11:47.822215",
  "end_time": "15:11:47.962983",
  "latencies_ns": {
    "p50": 140509183,
    "p90": 140509183,
    "p99": 140509183
  },
  "blocks_read": {
    "p50": 0,
    "p90": 0,
    "p99": 0
  },
  "database_size": 257860763,
  "num_requests": 1
}