{
  "client_addr": "127.0.0.1:54861",
  "start_time": "15:11:36.550931",
  "end_time": "15:11:36.691074",
  "latencies_ns": {
    "p50": 139984895,
    "p90": 139984895,
    "p99": 139984895
  },
  "blocks_read": {
    "p50": 0,
    "p90": 0,
    "p99": 0
  },
  "database_size": 141048766,
  "num_requests": 1
}