{
  "client_addr": "127.0.0.1:54926",
  "start_time": "15:12:04.478762",
  "end_time": "15:12:04.763854",
  "latencies_ns": {
    "p50": 284950527,
    "p90": 284950527,
    "p99": 284950527
  },
  "blocks_read": {
    "p50": 0,
    "p90": 0,
    "p99": 0
  },
  "database_size": 435432251,
  "num_requests": 1
}