{
  "client_addr": "127.0.0.1:55033",
  "start_time": "15:12:49.812624",
  "end_time": "15:12:49.947809",
  "latencies_ns": {
    "p50": 135004159,
    "p90": 135004159,
    "p99": 135004159
  },
  "blocks_read": {
    "p50": 0,
    "p90": 0,
    "p99": 0
  },
  "database_size": 893881159,
  "num_requests": 1
}