{
  "client_addr": "127.0.0.1:55014",
  "start_time": "15:12:35.841123",
  "end_time": "15:12:36.012926",
  "latencies_ns": {
    "p50": 171573247,
    "p90": 171573247,
    "p99": 171573247
  },
  "blocks_read": {
    "p50": 0,
    "p90": 0,
    "p99": 0
  },
  "database_size": 816828543,
  "num_requests": 1
}