{
  "client_addr": "127.0.0.1:55011",
  "start_time": "15:12:34.790093",
  "end_time": "15:12:35.389964",
  "latencies_ns": {
    "p50": 599785471,
    "p90": 599785471,
    "p99": 599785471
  },
  "blocks_read": {
    "p50": 0,
    "p90": 0,
    "p99": 0
  },
  "database_size": 805416293,
  "num_requests": 1
}