{
  "client_addr": "127.0.0.1:54986",
  "start_time": "15:12:25.514743",
  "end_time": "15:12:25.676143",
  "latencies_ns": {
    "p50": 161218559,
    "p90": 161218559,
    "p99": 161218559
  },
  "blocks_read": {
    "p50": 0,
    "p90": 0,
    "p99": 0
  },
  "database_size": 699986131,
  "num_requests": 1
}