{
  "client_addr": "127.0.0.1:55004",
  "start_time": "15:12:32.960113",
  "end_time": "15:12:33.152051",
  "latencies_ns": {
    "p50": 191758335,
    "p90": 191758335,
    "p99": 191758335
  },
  "blocks_read": {
    "p50": 0,
    "p90": 0,
    "p99": 0
  },
  "database_size": 772302030,
  "num_requests": 1
}