{
  "client_addr": "127.0.0.1:55023",
  "start_time": "15:12:46.959209",
  "end_time": "15:12:47.120483",
  "latencies_ns": {
    "p50": 161087487,
    "p90": 161087487,
    "p99": 161087487
  },
  "blocks_read": {
    "p50": 0,
    "p90": 0,
    "p99": 0
  },
  "database_size": 849355767,
  "num_requests": 1
}