{
  "client_addr": "127.0.0.1:54873",
  "start_time": "15:11:41.428300",
  "end_time": "15:11:41.593872",
  "latencies_ns": {
    "p50": 165412863,
    "p90": 165412863,
    "p99": 165412863
  },
  "blocks_read": {
    "p50": 0,
    "p90": 0,
    "p99": 0
  },
  "database_size": 194826408,
  "num_requests": 1
}