{
  "client_addr": "127.0.0.1:54876",
  "start_time": "15:11:42.324961",
  "end_time": "15:11:42.468147",
  "latencies_ns": {
    "p50": 142999551,
    "p90": 142999551,
    "p99": 142999551
  },
  "blocks_read": {
    "p50": 0,
    "p90": 0,
    "p99": 0
  },
  "database_size": 209013816,
  "num_requests": 1
}