{
  "client_addr": "127.0.0.1:55024",
  "start_time": "15:12:47.201429",
  "end_time": "15:12:47.388378",
  "latencies_ns": {
    "p50": 186777599,
    "p90": 186777599,
    "p99": 186777599
  },
  "blocks_read": {
    "p50": 0,
    "p90": 0,
    "p99": 0
  },
  "database_size": 854087120,
  "num_requests": 1
}