{
  "client_addr": "127.0.0.1:54899",
  "start_time": "15:11:51.177520",
  "end_time": "15:11:51.344873",
  "latencies_ns": {
    "p50": 167116799,
    "p90": 167116799,
    "p99": 167116799
  },
  "blocks_read": {
    "p50": 0,
    "p90": 0,
    "p99": 0
  },
  "database_size": 311849660,
  "num_requests": 1
}