{
  "client_addr": "127.0.0.1:55019",
  "start_time": "15:12:37.407285",
  "end_time": "15:12:46.484649",
  "latencies_ns": {
    "p50": 9084862463,
    "p90": 9084862463,
    "p99": 9084862463
  },
  "blocks_read": {
    "p50": 0,
    "p90": 0,
    "p99": 0
  },
  "database_size": 840464282,
  "num_requests": 1
}