{
  "client_addr": "127.0.0.1:54912",
  "start_time": "15:11:57.161906",
  "end_time": "15:11:57.586125",
  "latencies_ns": {
    "p50": 424148991,
    "p90": 424148991,
    "p99": 424148991
  },
  "blocks_read": {
    "p50": 0,
    "p90": 0,
    "p99": 0
  },
  "database_size": 372757865,
  "num_requests": 1
}