{
  "client_addr": "127.0.0.1:54865",
  "start_time": "15:11:37.865063",
  "end_time": "15:11:38.006336",
  "latencies_ns": {
    "p50": 141164543,
    "p90": 141164543,
    "p99": 141164543
  },
  "blocks_read": {
    "p50": 0,
    "p90": 0,
    "p99": 0
  },
  "database_size": 159953272,
  "num_requests": 1
}