{
  "client_addr": "127.0.0.1:55008",
  "start_time": "15:12:33.918041",
  "end_time": "15:12:34.317582",
  "latencies_ns": {
    "p50": 399507455,
    "p90": 399507455,
    "p99": 399507455
  },
  "blocks_read": {
    "p50": 0,
    "p90": 0,
    "p99": 0
  },
  "database_size": 791228439,
  "num_requests": 1
}