{
  "client_addr": "127.0.0.1:54994",
  "start_time": "15:12:27.655267",
  "end_time": "15:12:27.796526",
  "latencies_ns": {
    "p50": 141164543,
    "p90": 141164543,
    "p99": 141164543
  },
  "blocks_read": {
    "p50": 0,
    "p90": 0,
    "p99": 0
  },
  "database_size": 733083493,
  "num_requests": 1
}