{
  "client_addr": "127.0.0.1:54995",
  "start_time": "15:12:27.878319",
  "end_time": "15:12:28.045568",
  "latencies_ns": {
    "p50": 167116799,
    "p90": 167116799,
    "p99": 167116799
  },
  "blocks_read": {
    "p50": 0,
    "p90": 0,
    "p99": 0
  },
  "database_size": 737815142,
  "num_requests": 1
}