{
  "client_addr": "127.0.0.1:54888",
  "start_time": "15:11:48.042878",
  "end_time": "15:11:48.212191",
  "latencies_ns": {
    "p50": 169082879,
    "p90": 169082879,
    "p99": 169082879
  },
  "blocks_read": {
    "p50": 0,
    "p90": 0,
    "p99": 0
  },
  "database_size": 262592466,
  "num_requests": 1
}