{
  "client_addr": "127.0.0.1:54882",
  "start_time": "15:11:44.050065",
  "end_time": "15:11:44.647019",
  "latencies_ns": {
    "p50": 597164031,
    "p90": 597164031,
    "p99": 597164031
  },
  "blocks_read": {
    "p50": 0,
    "p90": 0,
    "p99": 0
  },
  "database_size": 237388681,
  "num_requests": 1
}