{
  "client_addr": "127.0.0.1:54874",
  "start_time": "15:11:41.673957",
  "end_time": "15:11:42.073762",
  "latencies_ns": {
    "p50": 399769599,
    "p90": 399769599,
    "p99": 399769599
  },
  "blocks_read": {
    "p50": 0,
    "p90": 0,
    "p99": 0
  },
  "database_size": 199557751,
  "num_requests": 1
}