{
  "client_addr": "127.0.0.1:54999",
  "start_time": "15:12:29.295969",
  "end_time": "15:12:32.254893",
  "latencies_ns": {
    "p50": 2959081471,
    "p90": 2959081471,
    "p99": 2959081471
  },
  "blocks_read": {
    "p50": 0,
    "p90": 0,
    "p99": 0
  },
  "database_size": 753951574,
  "num_requests": 1
}