{
  "client_addr": "127.0.0.1:55006",
  "start_time": "15:12:33.449440",
  "end_time": "15:12:33.593164",
  "latencies_ns": {
    "p50": 143523839,
    "p90": 143523839,
    "p99": 143523839
  },
  "blocks_read": {
    "p50": 0,
    "p90": 0,
    "p99": 0
  },
  "database_size": 781765350,
  "num_requests": 1
}