{
  "client_addr": "127.0.0.1:54959",
  "start_time": "15:12:14.576652",
  "end_time": "15:12:14.741290",
  "latencies_ns": {
    "p50": 164495359,
    "p90": 164495359,
    "p99": 164495359
  },
  "blocks_read": {
    "p50": 0,
    "p90": 0,
    "p99": 0
  },
  "database_size": 583153850,
  "num_requests": 1
}