{
  "client_addr": "127.0.0.1:54928",
  "start_time": "15:12:05.008546",
  "end_time": "15:12:05.148363",
  "latencies_ns": {
    "p50": 139591679,
    "p90": 139591679,
    "p99": 139591679
  },
  "blocks_read": {
    "p50": 0,
    "p90": 0,
    "p99": 0
  },
  "database_size": 442127473,
  "num_requests": 1
}