{
  "client_addr": "127.0.0.1:54878",
  "start_time": "15:11:42.796072",
  "end_time": "15:11:43.308490",
  "latencies_ns": {
    "p50": 512229375,
    "p90": 512229375,
    "p99": 512229375
  },
  "blocks_read": {
    "p50": 0,
    "p90": 0,
    "p99": 0
  },
  "database_size": 218476974,
  "num_requests": 1
}