{
  "client_addr": "127.0.0.1:54916",
  "start_time": "15:11:58.729181",
  "end_time": "15:11:58.816452",
  "latencies_ns": {
    "p50": 87097343,
    "p90": 87097343,
    "p99": 87097343
  },
  "blocks_read": {
    "p50": 0,
    "p90": 0,
    "p99": 0
  },
  "database_size": 388893890,
  "num_requests": 1
}