{
  "client_addr": "127.0.0.1:54889",
  "start_time": "15:11:48.291691",
  "end_time": "15:11:48.480095",
  "latencies_ns": {
    "p50": 188219391,
    "p90": 188219391,
    "p99": 188219391
  },
  "blocks_read": {
    "p50": 0,
    "p90": 0,
    "p99": 0
  },
  "database_size": 267324002,
  "num_requests": 1
}