{
  "client_addr": "127.0.0.1:54985",
  "start_time": "15:12:25.301974",
  "end_time": "15:12:25.436283",
  "latencies_ns": {
    "p50": 134086655,
    "p90": 134086655,
    "p99": 134086655
  },
  "blocks_read": {
    "p50": 0,
    "p90": 0,
    "p99": 0
  },
  "database_size": 695254338,
  "num_requests": 1
}