{
  "client_addr": "127.0.0.1:54886",
  "start_time": "15:11:47.658241",
  "end_time": "15:11:47.743103",
  "latencies_ns": {
    "p50": 84606975,
    "p90": 84606975,
    "p99": 84606975
  },
  "blocks_read": {
    "p50": 0,
    "p90": 0,
    "p99": 0
  },
  "database_size": 253128423,
  "num_requests": 1
}