{
  "client_addr": "127.0.0.1:54978",
  "start_time": "15:12:21.412197",
  "end_time": "15:12:21.548789",
  "latencies_ns": {
    "p50": 136445951,
    "p90": 136445951,
    "p99": 136445951
  },
  "blocks_read": {
    "p50": 0,
    "p90": 0,
    "p99": 0
  },
  "database_size": 665299799,
  "num_requests": 1
}