{
  "client_addr": "127.0.0.1:54895",
  "start_time": "15:11:49.848380",
  "end_time": "15:11:49.988800",
  "latencies_ns": {
    "p50": 140247039,
    "p90": 140247039,
    "p99": 140247039
  },
  "blocks_read": {
    "p50": 0,
    "p90": 0,
    "p99": 0
  },
  "database_size": 295706224,
  "num_requests": 1
}