{
  "client_addr": "127.0.0.1:54830",
  "start_time": "15:11:27.260807",
  "end_time": "15:11:27.346299",
  "latencies_ns": {
    "p50": 85065727,
    "p90": 85065727,
    "p99": 85065727
  },
  "blocks_read": {
    "p50": 0,
    "p90": 0,
    "p99": 0
  },
  "database_size": 24,
  "num_requests": 1
}