{
  "client_addr": "127.0.0.1:54920",
  "start_time": "15:12:00.080124",
  "end_time": "15:12:00.171662",
  "latencies_ns": {
    "p50": 91357183,
    "p90": 91357183,
    "p99": 91357183
  },
  "blocks_read": {
    "p50": 0,
    "p90": 0,
    "p99": 0
  },
  "database_size": 407798339,
  "num_requests": 1
}