{
  "client_addr": "127.0.0.1:54852",
  "start_time": "15:11:33.869145",
  "end_time": "15:11:34.059897",
  "latencies_ns": {
    "p50": 190578687,
    "p90": 190578687,
    "p99": 190578687
  },
  "blocks_read": {
    "p50": 0,
    "p90": 0,
    "p99": 0
  },
  "database_size": 101254983,
  "num_requests": 1
}