{
  "client_addr": "127.0.0.1:54911",
  "start_time": "15:11:56.918205",
  "end_time": "15:11:57.079268",
  "latencies_ns": {
    "p50": 160956415,
    "p90": 160956415,
    "p99": 160956415
  },
  "blocks_read": {
    "p50": 0,
    "p90": 0,
    "p99": 0
  },
  "database_size": 368026470,
  "num_requests": 1
}