{
  "client_addr": "127.0.0.1:54989",
  "start_time": "15:12:26.243369",
  "end_time": "15:12:26.330441",
  "latencies_ns": {
    "p50": 86900735,
    "p90": 86900735,
    "p99": 86900735
  },
  "blocks_read": {
    "p50": 0,
    "p90": 0,
    "p99": 0
  },
  "database_size": 709440812,
  "num_requests": 1
}