{
  "client_addr": "127.0.0.1:54971",
  "start_time": "15:12:19.271969",
  "end_time": "15:12:19.808559",
  "latencies_ns": {
    "p50": 536346623,
    "p90": 536346623,
    "p99": 536346623
  },
  "blocks_read": {
    "p50": 0,
    "p90": 0,
    "p99": 0
  },
  "database_size": 636946997,
  "num_requests": 1
}