{
  "client_addr": "127.0.0.1:54983",
  "start_time": "15:12:24.865841",
  "end_time": "15:12:25.054619",
  "latencies_ns": {
    "p50": 188612607,
    "p90": 188612607,
    "p99": 188612607
  },
  "blocks_read": {
    "p50": 0,
    "p90": 0,
    "p99": 0
  },
  "database_size": 685790958,
  "num_requests": 1
}