{
  "client_addr": "127.0.0.1:54949",
  "start_time": "15:12:11.284168",
  "end_time": "15:12:11.685436",
  "latencies_ns": {
    "p50": 401080319,
    "p90": 401080319,
    "p99": 401080319
  },
  "blocks_read": {
    "p50": 0,
    "p90": 0,
    "p99": 0
  },
  "database_size": 538649891,
  "num_requests": 1
}