{
  "client_addr": "127.0.0.1:54841",
  "start_time": "15:11:30.048336",
  "end_time": "15:11:30.560261",
  "latencies_ns": {
    "p50": 511705087,
    "p90": 511705087,
    "p99": 511705087
  },
  "blocks_read": {
    "p50": 0,
    "p90": 0,
    "p99": 0
  },
  "database_size": 52040454,
  "num_requests": 1
}