{
  "client_addr": "127.0.0.1:55005",
  "start_time": "15:12:33.235378",
  "end_time": "15:12:33.369002",
  "latencies_ns": {
    "p50": 133365759,
    "p90": 133365759,
    "p99": 133365759
  },
  "blocks_read": {
    "p50": 0,
    "p90": 0,
    "p99": 0
  },
  "database_size": 777033010,
  "num_requests": 1
}