{
  "client_addr": "127.0.0.1:54960",
  "start_time": "15:12:14.824464",
  "end_time": "15:12:16.643554",
  "latencies_ns": {
    "p50": 1819279359,
    "p90": 1819279359,
    "p99": 1819279359
  },
  "blocks_read": {
    "p50": 0,
    "p90": 0,
    "p99": 0
  },
  "database_size": 587885257,
  "num_requests": 1
}