{
  "client_addr": "127.0.0.1:54929",
  "start_time": "15:12:05.227543",
  "end_time": "15:12:05.391442",
  "latencies_ns": {
    "p50": 163708927,
    "p90": 163708927,
    "p99": 163708927
  },
  "blocks_read": {
    "p50": 0,
    "p90": 0,
    "p99": 0
  },
  "database_size": 446859185,
  "num_requests": 1
}