{
  "client_addr": "127.0.0.1:54945",
  "start_time": "15:12:10.374252",
  "end_time": "15:12:10.571517",
  "latencies_ns": {
    "p50": 197132287,
    "p90": 197132287,
    "p99": 197132287
  },
  "blocks_read": {
    "p50": 0,
    "p90": 0,
    "p99": 0
  },
  "database_size": 519723572,
  "num_requests": 1
}