{
  "client_addr": "127.0.0.1:54998",
  "start_time": "15:12:29.047561",
  "end_time": "15:12:29.214864",
  "latencies_ns": {
    "p50": 167116799,
    "p90": 167116799,
    "p99": 167116799
  },
  "blocks_read": {
    "p50": 0,
    "p90": 0,
    "p99": 0
  },
  "database_size": 749219966,
  "num_requests": 1
}