{
  "client_addr": "127.0.0.1:54950",
  "start_time": "15:12:11.798557",
  "end_time": "15:12:11.887640",
  "latencies_ns": {
    "p50": 88866815,
    "p90": 88866815,
    "p99": 88866815
  },
  "blocks_read": {
    "p50": 0,
    "p90": 0,
    "p99": 0
  },
  "database_size": 543373099,
  "num_requests": 1
}