{
  "client_addr": "127.0.0.1:54966",
  "start_time": "15:12:17.828145",
  "end_time": "15:12:17.967582",
  "latencies_ns": {
    "p50": 139198463,
    "p90": 139198463,
    "p99": 139198463
  },
  "blocks_read": {
    "p50": 0,
    "p90": 0,
    "p99": 0
  },
  "database_size": 616064244,
  "num_requests": 1
}