{
  "client_addr": "127.0.0.1:54866",
  "start_time": "15:11:38.119484",
  "end_time": "15:11:38.287031",
  "latencies_ns": {
    "p50": 167378943,
    "p90": 167378943,
    "p99": 167378943
  },
  "blocks_read": {
    "p50": 0,
    "p90": 0,
    "p99": 0
  },
  "database_size": 164685044,
  "num_requests": 1
}