{
  "client_addr": "127.0.0.1:54883",
  "start_time": "15:11:44.728373",
  "end_time": "15:11:44.817819",
  "latencies_ns": {
    "p50": 89260031,
    "p90": 89260031,
    "p99": 89260031
  },
  "blocks_read": {
    "p50": 0,
    "p90": 0,
    "p99": 0
  },
  "database_size": 242097509,
  "num_requests": 1
}