{
  "client_addr": "127.0.0.1:54891",
  "start_time": "15:11:48.729639",
  "end_time": "15:11:48.868324",
  "latencies_ns": {
    "p50": 138543103,
    "p90": 138543103,
    "p99": 138543103
  },
  "blocks_read": {
    "p50": 0,
    "p90": 0,
    "p99": 0
  },
  "database_size": 276787069,
  "num_requests": 1
}