{
  "client_addr": "127.0.0.1:55001",
  "start_time": "15:12:32.339140",
  "end_time": "15:12:32.421286",
  "latencies_ns": {
    "p50": 81919999,
    "p90": 81919999,
    "p99": 81919999
  },
  "blocks_read": {
    "p50": 0,
    "p90": 0,
    "p99": 0
  },
  "database_size": 758106928,
  "num_requests": 1
}