{
  "client_addr": "127.0.0.1:54941",
  "start_time": "15:12:08.970663",
  "end_time": "15:12:09.664668",
  "latencies_ns": {
    "p50": 694157311,
    "p90": 694157311,
    "p99": 694157311
  },
  "blocks_read": {
    "p50": 0,
    "p90": 0,
    "p99": 0
  },
  "database_size": 500826028,
  "num_requests": 1
}