{
  "client_addr": "127.0.0.1:55032",
  "start_time": "15:12:49.646876",
  "end_time": "15:12:49.733072",
  "latencies_ns": {
    "p50": 85983231,
    "p90": 85983231,
    "p99": 85983231
  },
  "blocks_read": {
    "p50": 0,
    "p90": 0,
    "p99": 0
  },
  "database_size": 889148879,
  "num_requests": 1
}