{
  "client_addr": "127.0.0.1:55025",
  "start_time": "15:12:47.469500",
  "end_time": "15:12:47.554958",
  "latencies_ns": {
    "p50": 85262335,
    "p90": 85262335,
    "p99": 85262335
  },
  "blocks_read": {
    "p50": 0,
    "p90": 0,
    "p99": 0
  },
  "database_size": 858817730,
  "num_requests": 1
}