{
  "client_addr": "127.0.0.1:54872",
  "start_time": "15:11:41.211643",
  "end_time": "15:11:41.349998",
  "latencies_ns": {
    "p50": 138149887,
    "p90": 138149887,
    "p99": 138149887
  },
  "blocks_read": {
    "p50": 0,
    "p90": 0,
    "p99": 0
  },
  "database_size": 190094428,
  "num_requests": 1
}