{
  "client_addr": "127.0.0.1:54930",
  "start_time": "15:12:05.469980",
  "end_time": "15:12:05.871071",
  "latencies_ns": {
    "p50": 401080319,
    "p90": 401080319,
    "p99": 401080319
  },
  "blocks_read": {
    "p50": 0,
    "p90": 0,
    "p99": 0
  },
  "database_size": 451590571,
  "num_requests": 1
}