{
  "client_addr": "127.0.0.1:54855",
  "start_time": "15:11:34.530298",
  "end_time": "15:11:34.692806",
  "latencies_ns": {
    "p50": 162398207,
    "p90": 162398207,
    "p99": 162398207
  },
  "blocks_read": {
    "p50": 0,
    "p90": 0,
    "p99": 0
  },
  "database_size": 115449861,
  "num_requests": 1
}