{
  "client_addr": "127.0.0.1:55029",
  "start_time": "15:12:48.600316",
  "end_time": "15:12:48.737914",
  "latencies_ns": {
    "p50": 137494527,
    "p90": 137494527,
    "p99": 137494527
  },
  "blocks_read": {
    "p50": 0,
    "p90": 0,
    "p99": 0
  },
  "database_size": 874969665,
  "num_requests": 1
}