{
  "client_addr": "127.0.0.1:54894",
  "start_time": "15:11:49.677493",
  "end_time": "15:11:49.766807",
  "latencies_ns": {
    "p50": 89128959,
    "p90": 89128959,
    "p99": 89128959
  },
  "blocks_read": {
    "p50": 0,
    "p90": 0,
    "p99": 0
  },
  "database_size": 290973959,
  "num_requests": 1
}