{
  "client_addr": "127.0.0.1:54956",
  "start_time": "15:12:13.511099",
  "end_time": "15:12:14.109845",
  "latencies_ns": {
    "p50": 598736895,
    "p90": 598736895,
    "p99": 598736895
  },
  "blocks_read": {
    "p50": 0,
    "p90": 0,
    "p99": 0
  },
  "database_size": 568980544,
  "num_requests": 1
}