{
  "client_addr": "127.0.0.1:54896",
  "start_time": "15:11:50.070481",
  "end_time": "15:11:50.233361",
  "latencies_ns": {
    "p50": 162791423,
    "p90": 162791423,
    "p99": 162791423
  },
  "blocks_read": {
    "p50": 0,
    "p90": 0,
    "p99": 0
  },
  "database_size": 300437945,
  "num_requests": 1
}