{
  "client_addr": "127.0.0.1:54842",
  "start_time": "15:11:30.641959",
  "end_time": "15:11:30.737085",
  "latencies_ns": {
    "p50": 94896127,
    "p90": 94896127,
    "p99": 94896127
  },
  "blocks_read": {
    "p50": 0,
    "p90": 0,
    "p99": 0
  },
  "database_size": 56756966,
  "num_requests": 1
}