{
  "client_addr": "127.0.0.1:54977",
  "start_time": "15:12:21.246114",
  "end_time": "15:12:21.331100",
  "latencies_ns": {
    "p50": 84738047,
    "p90": 84738047,
    "p99": 84738047
  },
  "blocks_read": {
    "p50": 0,
    "p90": 0,
    "p99": 0
  },
  "database_size": 660567609,
  "num_requests": 1
}