{
  "client_addr": "127.0.0.1:54859",
  "start_time": "15:11:35.756083",
  "end_time": "15:11:36.307881",
  "latencies_ns": {
    "p50": 552075263,
    "p90": 552075263,
    "p99": 552075263
  },
  "blocks_read": {
    "p50": 0,
    "p90": 0,
    "p99": 0
  },
  "database_size": 131600494,
  "num_requests": 1
}