{
  "client_addr": "127.0.0.1:54900",
  "start_time": "15:11:51.424536",
  "end_time": "15:11:52.018877",
  "latencies_ns": {
    "p50": 594542591,
    "p90": 594542591,
    "p99": 594542591
  },
  "blocks_read": {
    "p50": 0,
    "p90": 0,
    "p99": 0
  },
  "database_size": 316581106,
  "num_requests": 1
}