{
  "client_addr": "127.0.0.1:55026",
  "start_time": "15:12:47.636312",
  "end_time": "15:12:47.878936",
  "latencies_ns": {
    "p50": 242483199,
    "p90": 242483199,
    "p99": 242483199
  },
  "blocks_read": {
    "p50": 0,
    "p90": 0,
    "p99": 0
  },
  "database_size": 863550085,
  "num_requests": 1
}