{
  "client_addr": "127.0.0.1:54904",
  "start_time": "15:11:52.724931",
  "end_time": "15:11:55.548352",
  "latencies_ns": {
    "p50": 2824863743,
    "p90": 2824863743,
    "p99": 2824863743
  },
  "blocks_read": {
    "p50": 0,
    "p90": 0,
    "p99": 0
  },
  "database_size": 335484955,
  "num_requests": 1
}