{
  "client_addr": "127.0.0.1:54915",
  "start_time": "15:11:58.138270",
  "end_time": "15:11:58.649256",
  "latencies_ns": {
    "p50": 510918655,
    "p90": 510918655,
    "p99": 510918655
  },
  "blocks_read": {
    "p50": 0,
    "p90": 0,
    "p99": 0
  },
  "database_size": 384177490,
  "num_requests": 1
}