{
  "client_addr": "127.0.0.1:54952",
  "start_time": "15:12:12.185035",
  "end_time": "15:12:12.352455",
  "latencies_ns": {
    "p50": 167247871,
    "p90": 167247871,
    "p99": 167247871
  },
  "blocks_read": {
    "p50": 0,
    "p90": 0,
    "p99": 0
  },
  "database_size": 552836884,
  "num_requests": 1
}