{
  "client_addr": "127.0.0.1:54838",
  "start_time": "15:11:29.358670",
  "end_time": "15:11:29.447446",
  "latencies_ns": {
    "p50": 88539135,
    "p90": 88539135,
    "p99": 88539135
  },
  "blocks_read": {
    "p50": 0,
    "p90": 0,
    "p99": 0
  },
  "database_size": 37844971,
  "num_requests": 1
}