{
  "client_addr": "127.0.0.1:54881",
  "start_time": "15:11:43.796642",
  "end_time": "15:11:43.967243",
  "latencies_ns": {
    "p50": 170393599,
    "p90": 170393599,
    "p99": 170393599
  },
  "blocks_read": {
    "p50": 0,
    "p90": 0,
    "p99": 0
  },
  "database_size": 232657283,
  "num_requests": 1
}