{
  "client_addr": "127.0.0.1:54993",
  "start_time": "15:12:27.485179",
  "end_time": "15:12:27.573085",
  "latencies_ns": {
    "p50": 87687167,
    "p90": 87687167,
    "p99": 87687167
  },
  "blocks_read": {
    "p50": 0,
    "p90": 0,
    "p99": 0
  },
  "database_size": 728351333,
  "num_requests": 1
}