{
  "client_addr": "127.0.0.1:54984",
  "start_time": "15:12:25.133685",
  "end_time": "15:12:25.221973",
  "latencies_ns": {
    "p50": 88080383,
    "p90": 88080383,
    "p99": 88080383
  },
  "blocks_read": {
    "p50": 0,
    "p90": 0,
    "p99": 0
  },
  "database_size": 690521893,
  "num_requests": 1
}