{
  "client_addr": "127.0.0.1:54969",
  "start_time": "15:12:18.804402",
  "end_time": "15:12:18.943149",
  "latencies_ns": {
    "p50": 138543103,
    "p90": 138543103,
    "p99": 138543103
  },
  "blocks_read": {
    "p50": 0,
    "p90": 0,
    "p99": 0
  },
  "database_size": 627483731,
  "num_requests": 1
}