{
  "client_addr": "127.0.0.1:54933",
  "start_time": "15:12:06.338098",
  "end_time": "15:12:06.504323",
  "latencies_ns": {
    "p50": 166068223,
    "p90": 166068223,
    "p99": 166068223
  },
  "blocks_read": {
    "p50": 0,
    "p90": 0,
    "p99": 0
  },
  "database_size": 465777744,
  "num_requests": 1
}