{
  "client_addr": "127.0.0.1:54863",
  "start_time": "15:11:37.019210",
  "end_time": "15:11:37.617029",
  "latencies_ns": {
    "p50": 597688319,
    "p90": 597688319,
    "p99": 597688319
  },
  "blocks_read": {
    "p50": 0,
    "p90": 0,
    "p99": 0
  },
  "database_size": 150511969,
  "num_requests": 1
}