{
  "client_addr": "127.0.0.1:54997",
  "start_time": "15:12:28.832305",
  "end_time": "15:12:28.968218",
  "latencies_ns": {
    "p50": 135790591,
    "p90": 135790591,
    "p99": 135790591
  },
  "blocks_read": {
    "p50": 0,
    "p90": 0,
    "p99": 0
  },
  "database_size": 744488269,
  "num_requests": 1
}