{
  "client_addr": "127.0.0.1:54957",
  "start_time": "15:12:14.188951",
  "end_time": "15:12:14.276237",
  "latencies_ns": {
    "p50": 87097343,
    "p90": 87097343,
    "p99": 87097343
  },
  "blocks_read": {
    "p50": 0,
    "p90": 0,
    "p99": 0
  },
  "database_size": 573689681,
  "num_requests": 1
}