{
  "client_addr": "127.0.0.1:54918",
  "start_time": "15:11:59.115074",
  "end_time": "15:11:59.283392",
  "latencies_ns": {
    "p50": 168165375,
    "p90": 168165375,
    "p99": 168165375
  },
  "blocks_read": {
    "p50": 0,
    "p90": 0,
    "p99": 0
  },
  "database_size": 398357936,
  "num_requests": 1
}