{
  "client_addr": "127.0.0.1:54858",
  "start_time": "15:11:35.505508",
  "end_time": "15:11:35.669962",
  "latencies_ns": {
    "p50": 164233215,
    "p90": 164233215,
    "p99": 164233215
  },
  "blocks_read": {
    "p50": 0,
    "p90": 0,
    "p99": 0
  },
  "database_size": 126869102,
  "num_requests": 1
}