{
  "client_addr": "127.0.0.1:55015",
  "start_time": "15:12:36.092027",
  "end_time": "15:12:36.695986",
  "latencies_ns": {
    "p50": 603979775,
    "p90": 603979775,
    "p99": 603979775
  },
  "blocks_read": {
    "p50": 0,
    "p90": 0,
    "p99": 0
  },
  "database_size": 821559896,
  "num_requests": 1
}