{
  "client_addr": "127.0.0.1:54885",
  "start_time": "15:11:45.223569",
  "end_time": "15:11:47.579340",
  "latencies_ns": {
    "p50": 2357198847,
    "p90": 2357198847,
    "p99": 2357198847
  },
  "blocks_read": {
    "p50": 0,
    "p90": 0,
    "p99": 0
  },
  "database_size": 248793274,
  "num_requests": 1
}