{
  "client_addr": "127.0.0.1:54867",
  "start_time": "15:11:38.369511",
  "end_time": "15:11:40.198045",
  "latencies_ns": {
    "p50": 1828716543,
    "p90": 1828716543,
    "p99": 1828716543
  },
  "blocks_read": {
    "p50": 0,
    "p90": 0,
    "p99": 0
  },
  "database_size": 169416355,
  "num_requests": 1
}