{
  "client_addr": "127.0.0.1:55022",
  "start_time": "15:12:46.741098",
  "end_time": "15:12:46.880258",
  "latencies_ns": {
    "p50": 138936319,
    "p90": 138936319,
    "p99": 138936319
  },
  "blocks_read": {
    "p50": 0,
    "p90": 0,
    "p99": 0
  },
  "database_size": 844624139,
  "num_requests": 1
}