{
  "client_addr": "127.0.0.1:54879",
  "start_time": "15:11:43.397379",
  "end_time": "15:11:43.489874",
  "latencies_ns": {
    "p50": 92274687,
    "p90": 92274687,
    "p99": 92274687
  },
  "blocks_read": {
    "p50": 0,
    "p90": 0,
    "p99": 0
  },
  "database_size": 223193285,
  "num_requests": 1
}