{
  "client_addr": "127.0.0.1:54980",
  "start_time": "15:12:21.874450",
  "end_time": "15:12:24.294400",
  "latencies_ns": {
    "p50": 2420113407,
    "p90": 2420113407,
    "p99": 2420113407
  },
  "blocks_read": {
    "p50": 0,
    "p90": 0,
    "p99": 0
  },
  "database_size": 674762942,
  "num_requests": 1
}