{
  "client_addr": "127.0.0.1:54897",
  "start_time": "15:11:50.319288",
  "end_time": "15:11:50.829106",
  "latencies_ns": {
    "p50": 509607935,
    "p90": 509607935,
    "p99": 509607935
  },
  "blocks_read": {
    "p50": 0,
    "p90": 0,
    "p99": 0
  },
  "database_size": 305169184,
  "num_requests": 1
}