{
  "client_addr": "127.0.0.1:54908",
  "start_time": "15:11:56.258102",
  "end_time": "15:11:56.450525",
  "latencies_ns": {
    "p50": 192282623,
    "p90": 192282623,
    "p99": 192282623
  },
  "blocks_read": {
    "p50": 0,
    "p90": 0,
    "p99": 0
  },
  "database_size": 353831501,
  "num_requests": 1
}