{
  "client_addr": "127.0.0.1:54934",
  "start_time": "15:12:06.585378",
  "end_time": "15:12:07.083082",
  "latencies_ns": {
    "p50": 497549311,
    "p90": 497549311,
    "p99": 497549311
  },
  "blocks_read": {
    "p50": 0,
    "p90": 0,
    "p99": 0
  },
  "database_size": 470509214,
  "num_requests": 1
}