{
  "client_addr": "127.0.0.1:54931",
  "start_time": "15:12:05.953187",
  "end_time": "15:12:06.036898",
  "latencies_ns": {
    "p50": 83492863,
    "p90": 83492863,
    "p99": 83492863
  },
  "blocks_read": {
    "p50": 0,
    "p90": 0,
    "p99": 0
  },
  "database_size": 456313737,
  "num_requests": 1
}