{
  "client_addr": "127.0.0.1:54890",
  "start_time": "15:11:48.561609",
  "end_time": "15:11:48.649156",
  "latencies_ns": {
    "p50": 87293951,
    "p90": 87293951,
    "p99": 87293951
  },
  "blocks_read": {
    "p50": 0,
    "p90": 0,
    "p99": 0
  },
  "database_size": 272054774,
  "num_requests": 1
}