{
  "client_addr": "127.0.0.1:54862",
  "start_time": "15:11:36.770625",
  "end_time": "15:11:36.937696",
  "latencies_ns": {
    "p50": 166854655,
    "p90": 166854655,
    "p99": 166854655
  },
  "blocks_read": {
    "p50": 0,
    "p90": 0,
    "p99": 0
  },
  "database_size": 145780772,
  "num_requests": 1
}