{
  "client_addr": "127.0.0.1:54951",
  "start_time": "15:12:11.968810",
  "end_time": "15:12:12.104843",
  "latencies_ns": {
    "p50": 135921663,
    "p90": 135921663,
    "p99": 135921663
  },
  "blocks_read": {
    "p50": 0,
    "p90": 0,
    "p99": 0
  },
  "database_size": 548105274,
  "num_requests": 1
}