{
  "client_addr": "127.0.0.1:54970",
  "start_time": "15:12:19.022885",
  "end_time": "15:12:19.191567",
  "latencies_ns": {
    "p50": 168427519,
    "p90": 168427519,
    "p99": 168427519
  },
  "blocks_read": {
    "p50": 0,
    "p90": 0,
    "p99": 0
  },
  "database_size": 632215656,
  "num_requests": 1
}