{
  "client_addr": "127.0.0.1:55017",
  "start_time": "15:12:36.944082",
  "end_time": "15:12:37.080892",
  "latencies_ns": {
    "p50": 136577023,
    "p90": 136577023,
    "p99": 136577023
  },
  "blocks_read": {
    "p50": 0,
    "p90": 0,
    "p99": 0
  },
  "database_size": 831001145,
  "num_requests": 1
}