{
  "client_addr": "127.0.0.1:54851",
  "start_time": "15:11:33.619264",
  "end_time": "15:11:33.789116",
  "latencies_ns": {
    "p50": 169738239,
    "p90": 169738239,
    "p99": 169738239
  },
  "blocks_read": {
    "p50": 0,
    "p90": 0,
    "p99": 0
  },
  "database_size": 96523513,
  "num_requests": 1
}