{
  "client_addr": "127.0.0.1:54922",
  "start_time": "15:12:00.473414",
  "end_time": "15:12:00.637410",
  "latencies_ns": {
    "p50": 163839999,
    "p90": 163839999,
    "p99": 163839999
  },
  "blocks_read": {
    "p50": 0,
    "p90": 0,
    "p99": 0
  },
  "database_size": 417262275,
  "num_requests": 1
}