{
  "client_addr": "127.0.0.1:54992",
  "start_time": "15:12:26.885080",
  "end_time": "15:12:27.403926",
  "latencies_ns": {
    "p50": 518782975,
    "p90": 518782975,
    "p99": 518782975
  },
  "blocks_read": {
    "p50": 0,
    "p90": 0,
    "p99": 0
  },
  "database_size": 723635934,
  "num_requests": 1
}