{
  "client_addr": "127.0.0.1:54845",
  "start_time": "15:11:31.818327",
  "end_time": "15:11:31.900109",
  "latencies_ns": {
    "p50": 81264639,
    "p90": 81264639,
    "p99": 81264639
  },
  "blocks_read": {
    "p50": 0,
    "p90": 0,
    "p99": 0
  },
  "database_size": 68162201,
  "num_requests": 1
}