{
  "client_addr": "127.0.0.1:54948",
  "start_time": "15:12:11.037891",
  "end_time": "15:12:11.203417",
  "latencies_ns": {
    "p50": 165281791,
    "p90": 165281791,
    "p99": 165281791
  },
  "blocks_read": {
    "p50": 0,
    "p90": 0,
    "p99": 0
  },
  "database_size": 533918496,
  "num_requests": 1
}