{
  "client_addr": "127.0.0.1:54903",
  "start_time": "15:11:52.480159",
  "end_time": "15:11:52.645833",
  "latencies_ns": {
    "p50": 165543935,
    "p90": 165543935,
    "p99": 165543935
  },
  "blocks_read": {
    "p50": 0,
    "p90": 0,
    "p99": 0
  },
  "database_size": 330753590,
  "num_requests": 1
}