{
  "client_addr": "127.0.0.1:55012",
  "start_time": "15:12:35.468797",
  "end_time": "15:12:35.549486",
  "latencies_ns": {
    "p50": 80478207,
    "p90": 80478207,
    "p99": 80478207
  },
  "blocks_read": {
    "p50": 0,
    "p90": 0,
    "p99": 0
  },
  "database_size": 807364353,
  "num_requests": 1
}