{
  "client_addr": "127.0.0.1:54913",
  "start_time": "15:11:57.665821",
  "end_time": "15:11:57.806887",
  "latencies_ns": {
    "p50": 140902399,
    "p90": 140902399,
    "p99": 140902399
  },
  "blocks_read": {
    "p50": 0,
    "p90": 0,
    "p99": 0
  },
  "database_size": 374714170,
  "num_requests": 1
}