{
  "client_addr": "127.0.0.1:54860",
  "start_time": "15:11:36.386469",
  "end_time": "15:11:36.471840",
  "latencies_ns": {
    "p50": 85196799,
    "p90": 85196799,
    "p99": 85196799
  },
  "blocks_read": {
    "p50": 0,
    "p90": 0,
    "p99": 0
  },
  "database_size": 136316456,
  "num_requests": 1
}