{
  "client_addr": "127.0.0.1:55021",
  "start_time": "15:12:46.573079",
  "end_time": "15:12:46.659331",
  "latencies_ns": {
    "p50": 86048767,
    "p90": 86048767,
    "p99": 86048767
  },
  "blocks_read": {
    "p50": 0,
    "p90": 0,
    "p99": 0
  },
  "database_size": 839891874,
  "num_requests": 1
}