{
  "client_addr": "127.0.0.1:54965",
  "start_time": "15:12:17.657680",
  "end_time": "15:12:17.744962",
  "latencies_ns": {
    "p50": 86966271,
    "p90": 86966271,
    "p99": 86966271
  },
  "blocks_read": {
    "p50": 0,
    "p90": 0,
    "p99": 0
  },
  "database_size": 611331979,
  "num_requests": 1
}