{
  "client_addr": "127.0.0.1:54910",
  "start_time": "15:11:56.699932",
  "end_time": "15:11:56.837187",
  "latencies_ns": {
    "p50": 137101311,
    "p90": 137101311,
    "p99": 137101311
  },
  "blocks_read": {
    "p50": 0,
    "p90": 0,
    "p99": 0
  },
  "database_size": 363294764,
  "num_requests": 1
}