{
  "client_addr": "127.0.0.1:54847",
  "start_time": "15:11:32.204700",
  "end_time": "15:11:32.368919",
  "latencies_ns": {
    "p50": 164102143,
    "p90": 164102143,
    "p99": 164102143
  },
  "blocks_read": {
    "p50": 0,
    "p90": 0,
    "p99": 0
  },
  "database_size": 77626388,
  "num_requests": 1
}