{
  "client_addr": "127.0.0.1:54961",
  "start_time": "15:12:16.726388",
  "end_time": "15:12:16.810597",
  "latencies_ns": {
    "p50": 84017151,
    "p90": 84017151,
    "p99": 84017151
  },
  "blocks_read": {
    "p50": 0,
    "p90": 0,
    "p99": 0
  },
  "database_size": 592405246,
  "num_requests": 1
}