{
  "client_addr": "127.0.0.1:55031",
  "start_time": "15:12:49.060516",
  "end_time": "15:12:49.566665",
  "latencies_ns": {
    "p50": 505937919,
    "p90": 505937919,
    "p99": 505937919
  },
  "blocks_read": {
    "p50": 0,
    "p90": 0,
    "p99": 0
  },
  "database_size": 884432736,
  "num_requests": 1
}