{
  "client_addr": "127.0.0.1:54947",
  "start_time": "15:12:10.817039",
  "end_time": "15:12:10.957416",
  "latencies_ns": {
    "p50": 140247039,
    "p90": 140247039,
    "p99": 140247039
  },
  "blocks_read": {
    "p50": 0,
    "p90": 0,
    "p99": 0
  },
  "database_size": 529186661,
  "num_requests": 1
}