{
  "client_addr": "127.0.0.1:54839",
  "start_time": "15:11:29.527954",
  "end_time": "15:11:29.665338",
  "latencies_ns": {
    "p50": 137232383,
    "p90": 137232383,
    "p99": 137232383
  },
  "blocks_read": {
    "p50": 0,
    "p90": 0,
    "p99": 0
  },
  "database_size": 42577281,
  "num_requests": 1
}