{
  "client_addr": "127.0.0.1:54871",
  "start_time": "15:11:40.914097",
  "end_time": "15:11:41.131222",
  "latencies_ns": {
    "p50": 216924159,
    "p90": 216924159,
    "p99": 216924159
  },
  "blocks_read": {
    "p50": 0,
    "p90": 0,
    "p99": 0
  },
  "database_size": 188130926,
  "num_requests": 1
}