{
  "client_addr": "127.0.0.1:54979",
  "start_time": "15:12:21.630643",
  "end_time": "15:12:21.794227",
  "latencies_ns": {
    "p50": 163446783,
    "p90": 163446783,
    "p99": 163446783
  },
  "blocks_read": {
    "p50": 0,
    "p90": 0,
    "p99": 0
  },
  "database_size": 670031610,
  "num_requests": 1
}