{
  "client_addr": "127.0.0.1:54843",
  "start_time": "15:11:30.819942",
  "end_time": "15:11:31.064397",
  "latencies_ns": {
    "p50": 244318207,
    "p90": 244318207,
    "p99": 244318207
  },
  "blocks_read": {
    "p50": 0,
    "p90": 0,
    "p99": 0
  },
  "database_size": 61489186,
  "num_requests": 1
}