{
  "client_addr": "127.0.0.1:54946",
  "start_time": "15:12:10.650922",
  "end_time": "15:12:10.737570",
  "latencies_ns": {
    "p50": 86441983,
    "p90": 86441983,
    "p99": 86441983
  },
  "blocks_read": {
    "p50": 0,
    "p90": 0,
    "p99": 0
  },
  "database_size": 524454381,
  "num_requests": 1
}