{
  "client_addr": "127.0.0.1:54854",
  "start_time": "15:11:34.313502",
  "end_time": "15:11:34.449777",
  "latencies_ns": {
    "p50": 136052735,
    "p90": 136052735,
    "p99": 136052735
  },
  "blocks_read": {
    "p50": 0,
    "p90": 0,
    "p99": 0
  },
  "database_size": 110718098,
  "num_requests": 1
}