{
  "client_addr": "127.0.0.1:54875",
  "start_time": "15:11:42.152067",
  "end_time": "15:11:42.244581",
  "latencies_ns": {
    "p50": 92274687,
    "p90": 92274687,
    "p99": 92274687
  },
  "blocks_read": {
    "p50": 0,
    "p90": 0,
    "p99": 0
  },
  "database_size": 204281431,
  "num_requests": 1
}