{
  "client_addr": "127.0.0.1:54850",
  "start_time": "15:11:33.397103",
  "end_time": "15:11:33.539110",
  "latencies_ns": {
    "p50": 141819903,
    "p90": 141819903,
    "p99": 141819903
  },
  "blocks_read": {
    "p50": 0,
    "p90": 0,
    "p99": 0
  },
  "database_size": 91791687,
  "num_requests": 1
}