{
  "client_addr": "127.0.0.1:54853",
  "start_time": "15:11:34.141128",
  "end_time": "15:11:34.231064",
  "latencies_ns": {
    "p50": 89653247,
    "p90": 89653247,
    "p99": 89653247
  },
  "blocks_read": {
    "p50": 0,
    "p90": 0,
    "p99": 0
  },
  "database_size": 105985863,
  "num_requests": 1
}