{
  "client_addr": "127.0.0.1:54981",
  "start_time": "15:12:24.381102",
  "end_time": "15:12:24.461497",
  "latencies_ns": {
    "p50": 80150527,
    "p90": 80150527,
    "p99": 80150527
  },
  "blocks_read": {
    "p50": 0,
    "p90": 0,
    "p99": 0
  },
  "database_size": 679095022,
  "num_requests": 1
}