{
  "client_addr": "127.0.0.1:54940",
  "start_time": "15:12:08.728047",
  "end_time": "15:12:08.892868",
  "latencies_ns": {
    "p50": 164626431,
    "p90": 164626431,
    "p99": 164626431
  },
  "blocks_read": {
    "p50": 0,
    "p90": 0,
    "p99": 0
  },
  "database_size": 496094951,
  "num_requests": 1
}