{
  "client_addr": "127.0.0.1:54870",
  "start_time": "15:11:40.668684",
  "end_time": "15:11:40.833059",
  "latencies_ns": {
    "p50": 164233215,
    "p90": 164233215,
    "p99": 164233215
  },
  "blocks_read": {
    "p50": 0,
    "p90": 0,
    "p99": 0
  },
  "database_size": 183399792,
  "num_requests": 1
}