{
  "client_addr": "127.0.0.1:54958",
  "start_time": "15:12:14.356270",
  "end_time": "15:12:14.496028",
  "latencies_ns": {
    "p50": 139591679,
    "p90": 139591679,
    "p99": 139591679
  },
  "blocks_read": {
    "p50": 0,
    "p90": 0,
    "p99": 0
  },
  "database_size": 578421976,
  "num_requests": 1
}