{
  "client_addr": "127.0.0.1:54835",
  "start_time": "15:11:28.357216",
  "end_time": "15:11:28.498478",
  "latencies_ns": {
    "p50": 141033471,
    "p90": 141033471,
    "p99": 141033471
  },
  "blocks_read": {
    "p50": 0,
    "p90": 0,
    "p99": 0
  },
  "database_size": 23658520,
  "num_requests": 1
}