{
  "client_addr": "127.0.0.1:54962",
  "start_time": "15:12:16.889789",
  "end_time": "15:12:17.034966",
  "latencies_ns": {
    "p50": 144965631,
    "p90": 144965631,
    "p99": 144965631
  },
  "blocks_read": {
    "p50": 0,
    "p90": 0,
    "p99": 0
  },
  "database_size": 597137526,
  "num_requests": 1
}