{
  "client_addr": "127.0.0.1:54869",
  "start_time": "15:11:40.445459",
  "end_time": "15:11:40.587116",
  "latencies_ns": {
    "p50": 141426687,
    "p90": 141426687,
    "p99": 141426687
  },
  "blocks_read": {
    "p50": 0,
    "p90": 0,
    "p99": 0
  },
  "database_size": 178667984,
  "num_requests": 1
}