{
  "client_addr": "127.0.0.1:54972",
  "start_time": "15:12:19.889824",
  "end_time": "15:12:19.976624",
  "latencies_ns": {
    "p50": 86573055,
    "p90": 86573055,
    "p99": 86573055
  },
  "blocks_read": {
    "p50": 0,
    "p90": 0,
    "p99": 0
  },
  "database_size": 641663379,
  "num_requests": 1
}