{
  "client_addr": "127.0.0.1:54991",
  "start_time": "15:12:26.635103",
  "end_time": "15:12:26.802763",
  "latencies_ns": {
    "p50": 167510015,
    "p90": 167510015,
    "p99": 167510015
  },
  "blocks_read": {
    "p50": 0,
    "p90": 0,
    "p99": 0
  },
  "database_size": 718904843,
  "num_requests": 1
}