{
  "client_addr": "127.0.0.1:55027",
  "start_time": "15:12:47.957291",
  "end_time": "15:12:48.358068",
  "latencies_ns": {
    "p50": 400556031,
    "p90": 400556031,
    "p99": 400556031
  },
  "blocks_read": {
    "p50": 0,
    "p90": 0,
    "p99": 0
  },
  "database_size": 865513579,
  "num_requests": 1
}