{
  "client_addr": "127.0.0.1:54837",
  "start_time": "15:11:28.834173",
  "end_time": "15:11:29.274367",
  "latencies_ns": {
    "p50": 440139775,
    "p90": 440139775,
    "p99": 440139775
  },
  "blocks_read": {
    "p50": 0,
    "p90": 0,
    "p99": 0
  },
  "database_size": 33121681,
  "num_requests": 1
}