{
  "client_addr": "127.0.0.1:54856",
  "start_time": "15:11:34.774763",
  "end_time": "15:11:35.181202",
  "latencies_ns": {
    "p50": 406323199,
    "p90": 406323199,
    "p99": 406323199
  },
  "blocks_read": {
    "p50": 0,
    "p90": 0,
    "p99": 0
  },
  "database_size": 120181397,
  "num_requests": 1
}