{
  "client_addr": "127.0.0.1:54849",
  "start_time": "15:11:33.230442",
  "end_time": "15:11:33.317668",
  "latencies_ns": {
    "p50": 87031807,
    "p90": 87031807,
    "p99": 87031807
  },
  "blocks_read": {
    "p50": 0,
    "p90": 0,
    "p99": 0
  },
  "database_size": 87059377,
  "num_requests": 1
}