{
  "client_addr": "127.0.0.1:54936",
  "start_time": "15:12:07.334494",
  "end_time": "15:12:07.476354",
  "latencies_ns": {
    "p50": 141688831,
    "p90": 141688831,
    "p99": 141688831
  },
  "blocks_read": {
    "p50": 0,
    "p90": 0,
    "p99": 0
  },
  "database_size": 479957757,
  "num_requests": 1
}