{
  "client_addr": "127.0.0.1:54884",
  "start_time": "15:11:44.899630",
  "end_time": "15:11:45.145044",
  "latencies_ns": {
    "p50": 245235711,
    "p90": 245235711,
    "p99": 245235711
  },
  "blocks_read": {
    "p50": 0,
    "p90": 0,
    "p99": 0
  },
  "database_size": 246829819,
  "num_requests": 1
}