{
  "client_addr": "127.0.0.1:54905",
  "start_time": "15:11:55.629525",
  "end_time": "15:11:55.714577",
  "latencies_ns": {
    "p50": 84869119,
    "p90": 84869119,
    "p99": 84869119
  },
  "blocks_read": {
    "p50": 0,
    "p90": 0,
    "p99": 0
  },
  "database_size": 339636189,
  "num_requests": 1
}