{
  "client_addr": "127.0.0.1:54939",
  "start_time": "15:12:08.491349",
  "end_time": "15:12:08.650094",
  "latencies_ns": {
    "p50": 158466047,
    "p90": 158466047,
    "p99": 158466047
  },
  "blocks_read": {
    "p50": 0,
    "p90": 0,
    "p99": 0
  },
  "database_size": 494130497,
  "num_requests": 1
}