{
  "client_addr": "127.0.0.1:54831",
  "start_time": "15:11:27.426059",
  "end_time": "15:11:27.568304",
  "latencies_ns": {
    "p50": 141950975,
    "p90": 141950975,
    "p99": 141950975
  },
  "blocks_read": {
    "p50": 0,
    "p90": 0,
    "p99": 0
  },
  "database_size": 4732259,
  "num_requests": 1
}