{
  "client_addr": "127.0.0.1:54844",
  "start_time": "15:11:31.146258",
  "end_time": "15:11:31.740580",
  "latencies_ns": {
    "p50": 594542591,
    "p90": 594542591,
    "p99": 594542591
  },
  "blocks_read": {
    "p50": 0,
    "p90": 0,
    "p99": 0
  },
  "database_size": 63452818,
  "num_requests": 1
}