{
  "client_addr": "127.0.0.1:54907",
  "start_time": "15:11:56.011007",
  "end_time": "15:11:56.177382",
  "latencies_ns": {
    "p50": 166199295,
    "p90": 166199295,
    "p99": 166199295
  },
  "blocks_read": {
    "p50": 0,
    "p90": 0,
    "p99": 0
  },
  "database_size": 349100337,
  "num_requests": 1
}