{
  "client_addr": "127.0.0.1:55028",
  "start_time": "15:12:48.437452",
  "end_time": "15:12:48.522029",
  "latencies_ns": {
    "p50": 84344831,
    "p90": 84344831,
    "p99": 84344831
  },
  "blocks_read": {
    "p50": 0,
    "p90": 0,
    "p99": 0
  },
  "database_size": 870237340,
  "num_requests": 1
}