{
  "client_addr": "127.0.0.1:54848",
  "start_time": "15:11:32.448420",
  "end_time": "15:11:33.149589",
  "latencies_ns": {
    "p50": 700973055,
    "p90": 700973055,
    "p99": 700973055
  },
  "blocks_read": {
    "p50": 0,
    "p90": 0,
    "p99": 0
  },
  "database_size": 82357792,
  "num_requests": 1
}