{
  "client_addr": "127.0.0.1:54996",
  "start_time": "15:12:28.128046",
  "end_time": "15:12:28.753613",
  "latencies_ns": {
    "p50": 625475583,
    "p90": 625475583,
    "p99": 625475583
  },
  "blocks_read": {
    "p50": 0,
    "p90": 0,
    "p99": 0
  },
  "database_size": 742546561,
  "num_requests": 1
}