{
  "client_addr": "127.0.0.1:54935",
  "start_time": "15:12:07.164393",
  "end_time": "15:12:07.253305",
  "latencies_ns": {
    "p50": 88670207,
    "p90": 88670207,
    "p99": 88670207
  },
  "blocks_read": {
    "p50": 0,
    "p90": 0,
    "p99": 0
  },
  "database_size": 475225642,
  "num_requests": 1
}