{
  "client_addr": "127.0.0.1:54917",
  "start_time": "15:11:58.895687",
  "end_time": "15:11:59.035841",
  "latencies_ns": {
    "p50": 139853823,
    "p90": 139853823,
    "p99": 139853823
  },
  "blocks_read": {
    "p50": 0,
    "p90": 0,
    "p99": 0
  },
  "database_size": 393626185,
  "num_requests": 1
}