{
  "client_addr": "127.0.0.1:54833",
  "start_time": "15:11:27.893591",
  "end_time": "15:11:28.104061",
  "latencies_ns": {
    "p50": 210239487,
    "p90": 210239487,
    "p99": 210239487
  },
  "blocks_read": {
    "p50": 0,
    "p90": 0,
    "p99": 0
  },
  "database_size": 14195477,
  "num_requests": 1
}