{
  "client_addr": "127.0.0.1:55009",
  "start_time": "15:12:34.398180",
  "end_time": "15:12:34.486065",
  "latencies_ns": {
    "p50": 87687167,
    "p90": 87687167,
    "p99": 87687167
  },
  "blocks_read": {
    "p50": 0,
    "p90": 0,
    "p99": 0
  },
  "database_size": 795951971,
  "num_requests": 1
}