{
  "client_addr": "127.0.0.1:54909",
  "start_time": "15:11:56.531567",
  "end_time": "15:11:56.618951",
  "latencies_ns": {
    "p50": 87162879,
    "p90": 87162879,
    "p99": 87162879
  },
  "blocks_read": {
    "p50": 0,
    "p90": 0,
    "p99": 0
  },
  "database_size": 358562499,
  "num_requests": 1
}