{
  "client_addr": "127.0.0.1:54974",
  "start_time": "15:12:20.282722",
  "end_time": "15:12:20.452766",
  "latencies_ns": {
    "p50": 169869311,
    "p90": 169869311,
    "p99": 169869311
  },
  "blocks_read": {
    "p50": 0,
    "p90": 0,
    "p99": 0
  },
  "database_size": 651127651,
  "num_requests": 1
}