{
  "client_addr": "127.0.0.1:54906",
  "start_time": "15:11:55.795556",
  "end_time": "15:11:55.929530",
  "latencies_ns": {
    "p50": 133758975,
    "p90": 133758975,
    "p99": 133758975
  },
  "blocks_read": {
    "p50": 0,
    "p90": 0,
    "p99": 0
  },
  "database_size": 344368574,
  "num_requests": 1
}