{
  "client_addr": "127.0.0.1:54927",
  "start_time": "15:12:04.842782",
  "end_time": "15:12:04.929088",
  "latencies_ns": {
    "p50": 86114303,
    "p90": 86114303,
    "p99": 86114303
  },
  "blocks_read": {
    "p50": 0,
    "p90": 0,
    "p99": 0
  },
  "database_size": 437395118,
  "num_requests": 1
}