{
  "client_addr": "127.0.0.1:52900",
  "start_time": "12:16:27.843685",
  "end_time": "12:16:36.372690",
  "latencies_ns": {
    "p50": 26175,
    "p90": 167039,
    "p99": 337919
  },
  "blocks_read": {
    "p50": 2,
    "p90": 3,
    "p99": 3
  },
  "database_size": 448792765,
  "num_requests": 20000
}