{
  "client_addr": "127.0.0.1:52888",
  "start_time": "12:12:50.589521",
  "end_time": "12:12:53.263551",
  "latencies_ns": {
    "p50": 8879,
    "p90": 15671,
    "p99": 137343
  },
  "blocks_read": {
    "p50": 1,
    "p90": 1,
    "p99": 1
  },
  "database_size": 13158389,
  "num_requests": 20000
}