{
  "client_addr": "127.0.0.1:52906",
  "start_time": "12:18:06.973348",
  "end_time": "12:18:18.640836",
  "latencies_ns": {
    "p50": 133247,
    "p90": 252671,
    "p99": 362239
  },
  "blocks_read": {
    "p50": 2,
    "p90": 4,
    "p99": 4
  },
  "database_size": 869632300,
  "num_requests": 20000
}