{
  "client_addr": "127.0.0.1:52887",
  "start_time": "12:12:18.974995",
  "end_time": "12:12:29.380692",
  "latencies_ns": {
    "p50": 541,
    "p90": 792,
    "p99": 3875
  },
  "blocks_read": {
    "p50": 0,
    "p90": 0,
    "p99": 0
  },
  "database_size": 1875024,
  "num_requests": 20000
}