{
  "client_addr": "127.0.0.1:52889",
  "start_time": "12:13:20.398321",
  "end_time": "12:13:35.472009",
  "latencies_ns": {
    "p50": 17263,
    "p90": 160639,
    "p99": 311039
  },
  "blocks_read": {
    "p50": 2,
    "p90": 3,
    "p99": 3
  },
  "database_size": 113835130,
  "num_requests": 20000
}