{
  "client_addr": "192.168.1.5:61546",
  "start_time": "17__02__35.604944",
  "end_time": "17:02:42.246418",
  "latencies_ns": {
    "p50": 102015,
    "p90": 189183,
    "p99": 282367
  },
  "blocks_read": {
    "p50": 4,
    "p90": 4,
    "p99": 4
  },
  "database_size": 897268689,
  "num_requests": 1000
}