{
  "client_addr": "192.168.1.5:61815",
  "start_time": "17__18__22.821176",
  "end_time": "17:18:30.002105",
  "latencies_ns": {
    "p50": 84415,
    "p90": 153599,
    "p99": 298239
  },
  "blocks_read": {
    "p50": 4,
    "p90": 4,
    "p99": 4
  },
  "database_size": 897268689,
  "num_requests": 1000
}