{
  "client_addr": "192.168.1.5:61811",
  "start_time": "17__18__22.820225",
  "end_time": "17:18:29.788268",
  "latencies_ns": {
    "p50": 85951,
    "p90": 154623,
    "p99": 296959
  },
  "blocks_read": {
    "p50": 4,
    "p90": 4,
    "p99": 4
  },
  "database_size": 897268689,
  "num_requests": 1000
}