{
  "client_addr": "192.168.1.5:61810",
  "start_time": "17__18__22.818873",
  "end_time": "17:18:29.990738",
  "latencies_ns": {
    "p50": 84607,
    "p90": 153471,
    "p99": 323839
  },
  "blocks_read": {
    "p50": 4,
    "p90": 4,
    "p99": 4
  },
  "database_size": 897268689,
  "num_requests": 1000
}