{
  "client_addr": "192.168.1.5:61814",
  "start_time": "17__18__22.821354",
  "end_time": "17:18:29.839848",
  "latencies_ns": {
    "p50": 85951,
    "p90": 147071,
    "p99": 325375
  },
  "blocks_read": {
    "p50": 4,
    "p90": 4,
    "p99": 4
  },
  "database_size": 897268689,
  "num_requests": 1000
}