{
  "client_addr": "192.168.1.5:61809",
  "start_time": "17__18__22.821204",
  "end_time": "17:18:30.039029",
  "latencies_ns": {
    "p50": 84927,
    "p90": 152319,
    "p99": 298495
  },
  "blocks_read": {
    "p50": 4,
    "p90": 4,
    "p99": 4
  },
  "database_size": 897268689,
  "num_requests": 1000
}