{
  "client_addr": "192.168.1.5:61812",
  "start_time": "17__18__22.821161",
  "end_time": "17:18:30.014925",
  "latencies_ns": {
    "p50": 82559,
    "p90": 144895,
    "p99": 320511
  },
  "blocks_read": {
    "p50": 4,
    "p90": 4,
    "p99": 4
  },
  "database_size": 897268689,
  "num_requests": 1000
}