{
  "client_addr": "192.168.1.5:61816",
  "start_time": "17__18__22.819037",
  "end_time": "17:18:29.996667",
  "latencies_ns": {
    "p50": 86655,
    "p90": 162303,
    "p99": 305407
  },
  "blocks_read": {
    "p50": 4,
    "p90": 4,
    "p99": 4
  },
  "database_size": 897268689,
  "num_requests": 1000
}