{
  "client_addr": "192.168.1.5:61813",
  "start_time": "17__18__22.816222",
  "end_time": "17:18:29.833997",
  "latencies_ns": {
    "p50": 80703,
    "p90": 149503,
    "p99": 305663
  },
  "blocks_read": {
    "p50": 4,
    "p90": 4,
    "p99": 4
  },
  "database_size": 897268689,
  "num_requests": 1000
}