{
  "client_addr": "192.168.1.5:61552",
  "start_time": "17__03__00.249174",
  "end_time": "17:03:06.585972",
  "latencies_ns": {
    "p50": 74559,
    "p90": 107839,
    "p99": 176511
  },
  "blocks_read": {
    "p50": 4,
    "p90": 4,
    "p99": 4
  },
  "database_size": 897268689,
  "num_requests": 1000
}