{
  "client_addr": "192.168.1.5:61553",
  "start_time": "17__03__00.247929",
  "end_time": "17:03:06.203509",
  "latencies_ns": {
    "p50": 80063,
    "p90": 111807,
    "p99": 198911
  },
  "blocks_read": {
    "p50": 4,
    "p90": 4,
    "p99": 4
  },
  "database_size": 897268689,
  "num_requests": 1000
}