{
  "client_addr": "127.0.0.1:53963",
  "start_time": "13:52:53.160430",
  "end_time": "13:52:53.243340",
  "latencies_ns": {
    "p50": 82706431,
    "p90": 82706431,
    "p99": 82706431
  },
  "blocks_read": {
    "p50": 0,
    "p90": 0,
    "p99": 0
  },
  "database_size": 202800981,
  "num_requests": 1
}