{
  "client_addr": "127.0.0.1:54006",
  "start_time": "13:53:05.679182",
  "end_time": "13:53:06.250758",
  "latencies_ns": {
    "p50": 571473919,
    "p90": 571473919,
    "p99": 571473919
  },
  "blocks_read": {
    "p50": 0,
    "p90": 0,
    "p99": 0
  },
  "database_size": 351995105,
  "num_requests": 1
}