{
  "client_addr": "127.0.0.1:54082",
  "start_time": "13:53:38.567127",
  "end_time": "13:53:38.692915",
  "latencies_ns": {
    "p50": 125632511,
    "p90": 125632511,
    "p99": 125632511
  },
  "blocks_read": {
    "p50": 0,
    "p90": 0,
    "p99": 0
  },
  "database_size": 689761653,
  "num_requests": 1
}