{
  "client_addr": "127.0.0.1:54031",
  "start_time": "13:53:15.608014",
  "end_time": "13:53:15.752019",
  "latencies_ns": {
    "p50": 143785983,
    "p90": 143785983,
    "p99": 143785983
  },
  "blocks_read": {
    "p50": 0,
    "p90": 0,
    "p99": 0
  },
  "database_size": 463643576,
  "num_requests": 1
}