{
  "client_addr": "127.0.0.1:54002",
  "start_time": "13:53:04.513382",
  "end_time": "13:53:05.009961",
  "latencies_ns": {
    "p50": 496500735,
    "p90": 496500735,
    "p99": 496500735
  },
  "blocks_read": {
    "p50": 0,
    "p90": 0,
    "p99": 0
  },
  "database_size": 333202500,
  "num_requests": 1
}