{
  "client_addr": "127.0.0.1:53966",
  "start_time": "13:52:53.758388",
  "end_time": "13:52:54.974297",
  "latencies_ns": {
    "p50": 1216348159,
    "p90": 1216348159,
    "p99": 1216348159
  },
  "blocks_read": {
    "p50": 0,
    "p90": 0,
    "p99": 0
  },
  "database_size": 216912999,
  "num_requests": 1
}