{
  "client_addr": "127.0.0.1:53972",
  "start_time": "13:52:57.196374",
  "end_time": "13:52:57.400206",
  "latencies_ns": {
    "p50": 203685887,
    "p90": 203685887,
    "p99": 203685887
  },
  "blocks_read": {
    "p50": 0,
    "p90": 0,
    "p99": 0
  },
  "database_size": 244954454,
  "num_requests": 1
}