{
  "client_addr": "127.0.0.1:54000",
  "start_time": "13:53:04.080611",
  "end_time": "13:53:04.206200",
  "latencies_ns": {
    "p50": 125370367,
    "p90": 125370367,
    "p99": 125370367
  },
  "blocks_read": {
    "p50": 0,
    "p90": 0,
    "p99": 0
  },
  "database_size": 323795143,
  "num_requests": 1
}