{
  "client_addr": "127.0.0.1:53919",
  "start_time": "13:52:37.295124",
  "end_time": "13:52:37.422115",
  "latencies_ns": {
    "p50": 126812159,
    "p90": 126812159,
    "p99": 126812159
  },
  "blocks_read": {
    "p50": 0,
    "p90": 0,
    "p99": 0
  },
  "database_size": 4704415,
  "num_requests": 1
}