{
  "client_addr": "127.0.0.1:53962",
  "start_time": "13:52:51.913952",
  "end_time": "13:52:53.080660",
  "latencies_ns": {
    "p50": 1167065087,
    "p90": 1167065087,
    "p99": 1167065087
  },
  "blocks_read": {
    "p50": 0,
    "p90": 0,
    "p99": 0
  },
  "database_size": 198177621,
  "num_requests": 1
}