{
  "client_addr": "127.0.0.1:54041",
  "start_time": "13:53:20.949314",
  "end_time": "13:53:21.073236",
  "latencies_ns": {
    "p50": 123731967,
    "p90": 123731967,
    "p99": 123731967
  },
  "blocks_read": {
    "p50": 0,
    "p90": 0,
    "p99": 0
  },
  "database_size": 507622144,
  "num_requests": 1
}