{
  "client_addr": "127.0.0.1:54117",
  "start_time": "13:53:57.188624",
  "end_time": "13:53:57.273473",
  "latencies_ns": {
    "p50": 84672511,
    "p90": 84672511,
    "p99": 84672511
  },
  "blocks_read": {
    "p50": 0,
    "p90": 0,
    "p99": 0
  },
  "database_size": 835072073,
  "num_requests": 1
}