{
  "client_addr": "127.0.0.1:54026",
  "start_time": "13:53:13.695371",
  "end_time": "13:53:13.821587",
  "latencies_ns": {
    "p50": 126025727,
    "p90": 126025727,
    "p99": 126025727
  },
  "blocks_read": {
    "p50": 0,
    "p90": 0,
    "p99": 0
  },
  "database_size": 440197436,
  "num_requests": 1
}