{
  "client_addr": "127.0.0.1:54112",
  "start_time": "13:53:55.946250",
  "end_time": "13:53:56.111122",
  "latencies_ns": {
    "p50": 164757503,
    "p90": 164757503,
    "p99": 164757503
  },
  "blocks_read": {
    "p50": 0,
    "p90": 0,
    "p99": 0
  },
  "database_size": 811561577,
  "num_requests": 1
}