{
  "client_addr": "127.0.0.1:54056",
  "start_time": "13:53:29.575341",
  "end_time": "13:53:29.699017",
  "latencies_ns": {
    "p50": 123469823,
    "p90": 123469823,
    "p99": 123469823
  },
  "blocks_read": {
    "p50": 0,
    "p90": 0,
    "p99": 0
  },
  "database_size": 573311756,
  "num_requests": 1
}