{
  "client_addr": "127.0.0.1:53999",
  "start_time": "13:53:03.915033",
  "end_time": "13:53:03.999575",
  "latencies_ns": {
    "p50": 84344831,
    "p90": 84344831,
    "p99": 84344831
  },
  "blocks_read": {
    "p50": 0,
    "p90": 0,
    "p99": 0
  },
  "database_size": 319090632,
  "num_requests": 1
}