{
  "client_addr": "127.0.0.1:53929",
  "start_time": "13:52:39.583413",
  "end_time": "13:52:39.994273",
  "latencies_ns": {
    "p50": 410779647,
    "p90": 410779647,
    "p99": 410779647
  },
  "blocks_read": {
    "p50": 0,
    "p90": 0,
    "p99": 0
  },
  "database_size": 51734259,
  "num_requests": 1
}