{
  "client_addr": "127.0.0.1:53958",
  "start_time": "13:52:50.045465",
  "end_time": "13:52:50.192245",
  "latencies_ns": {
    "p50": 146538495,
    "p90": 146538495,
    "p99": 146538495
  },
  "blocks_read": {
    "p50": 0,
    "p90": 0,
    "p99": 0
  },
  "database_size": 182232661,
  "num_requests": 1
}