{
  "client_addr": "127.0.0.1:54087",
  "start_time": "13:53:40.411380",
  "end_time": "13:53:40.553772",
  "latencies_ns": {
    "p50": 142213119,
    "p90": 142213119,
    "p99": 142213119
  },
  "blocks_read": {
    "p50": 0,
    "p90": 0,
    "p99": 0
  },
  "database_size": 713215247,
  "num_requests": 1
}