{
  "client_addr": "127.0.0.1:53960",
  "start_time": "13:52:51.462835",
  "end_time": "13:52:51.603666",
  "latencies_ns": {
    "p50": 140640255,
    "p90": 140640255,
    "p99": 140640255
  },
  "blocks_read": {
    "p50": 0,
    "p90": 0,
    "p99": 0
  },
  "database_size": 188769979,
  "num_requests": 1
}