{
  "client_addr": "127.0.0.1:53932",
  "start_time": "13:52:40.523695",
  "end_time": "13:52:41.003875",
  "latencies_ns": {
    "p50": 479985663,
    "p90": 479985663,
    "p99": 479985663
  },
  "blocks_read": {
    "p50": 0,
    "p90": 0,
    "p99": 0
  },
  "database_size": 63035356,
  "num_requests": 1
}