{
  "client_addr": "127.0.0.1:54072",
  "start_time": "13:53:34.477057",
  "end_time": "13:53:34.622022",
  "latencies_ns": {
    "p50": 144834559,
    "p90": 144834559,
    "p99": 144834559
  },
  "blocks_read": {
    "p50": 0,
    "p90": 0,
    "p99": 0
  },
  "database_size": 645675476,
  "num_requests": 1
}