{
  "client_addr": "127.0.0.1:54023",
  "start_time": "13:53:12.177417",
  "end_time": "13:53:12.299439",
  "latencies_ns": {
    "p50": 121896959,
    "p90": 121896959,
    "p99": 121896959
  },
  "blocks_read": {
    "p50": 0,
    "p90": 0,
    "p99": 0
  },
  "database_size": 428947082,
  "num_requests": 1
}