{
  "client_addr": "127.0.0.1:54050",
  "start_time": "13:53:28.087202",
  "end_time": "13:53:28.228323",
  "latencies_ns": {
    "p50": 140902399,
    "p90": 140902399,
    "p99": 140902399
  },
  "blocks_read": {
    "p50": 0,
    "p90": 0,
    "p99": 0
  },
  "database_size": 547892238,
  "num_requests": 1
}