{
  "client_addr": "127.0.0.1:53927",
  "start_time": "13:52:39.144877",
  "end_time": "13:52:39.272080",
  "latencies_ns": {
    "p50": 126943231,
    "p90": 126943231,
    "p99": 126943231
  },
  "blocks_read": {
    "p50": 0,
    "p90": 0,
    "p99": 0
  },
  "database_size": 42326767,
  "num_requests": 1
}