{
  "client_addr": "127.0.0.1:53990",
  "start_time": "13:53:01.494098",
  "end_time": "13:53:01.642103",
  "latencies_ns": {
    "p50": 147849215,
    "p90": 147849215,
    "p99": 147849215
  },
  "blocks_read": {
    "p50": 0,
    "p90": 0,
    "p99": 0
  },
  "database_size": 279576229,
  "num_requests": 1
}