{
  "client_addr": "127.0.0.1:53944",
  "start_time": "13:52:44.247040",
  "end_time": "13:52:45.018170",
  "latencies_ns": {
    "p50": 771227647,
    "p90": 771227647,
    "p99": 771227647
  },
  "blocks_read": {
    "p50": 0,
    "p90": 0,
    "p99": 0
  },
  "database_size": 119394089,
  "num_requests": 1
}