{
  "client_addr": "127.0.0.1:54024",
  "start_time": "13:53:12.380329",
  "end_time": "13:53:13.414987",
  "latencies_ns": {
    "p50": 1034944511,
    "p90": 1034944511,
    "p99": 1034944511
  },
  "blocks_read": {
    "p50": 0,
    "p90": 0,
    "p99": 0
  },
  "database_size": 433651113,
  "num_requests": 1
}