{
  "client_addr": "127.0.0.1:54125",
  "start_time": "13:53:59.499555",
  "end_time": "13:53:59.624387",
  "latencies_ns": {
    "p50": 124649471,
    "p90": 124649471,
    "p99": 124649471
  },
  "blocks_read": {
    "p50": 0,
    "p90": 0,
    "p99": 0
  },
  "database_size": 869870373,
  "num_requests": 1
}