{
  "client_addr": "127.0.0.1:54017",
  "start_time": "13:53:09.507060",
  "end_time": "13:53:10.313756",
  "latencies_ns": {
    "p50": 806879231,
    "p90": 806879231,
    "p99": 806879231
  },
  "blocks_read": {
    "p50": 0,
    "p90": 0,
    "p99": 0
  },
  "database_size": 400832145,
  "num_requests": 1
}