{
  "client_addr": "127.0.0.1:54069",
  "start_time": "13:53:33.372573",
  "end_time": "13:53:34.010222",
  "latencies_ns": {
    "p50": 637534207,
    "p90": 637534207,
    "p99": 637534207
  },
  "blocks_read": {
    "p50": 0,
    "p90": 0,
    "p99": 0
  },
  "database_size": 631600436,
  "num_requests": 1
}