{
  "client_addr": "127.0.0.1:54063",
  "start_time": "13:53:31.700542",
  "end_time": "13:53:31.782078",
  "latencies_ns": {
    "p50": 81330175,
    "p90": 81330175,
    "p99": 81330175
  },
  "blocks_read": {
    "p50": 0,
    "p90": 0,
    "p99": 0
  },
  "database_size": 606201448,
  "num_requests": 1
}