{
  "client_addr": "127.0.0.1:53951",
  "start_time": "13:52:47.020936",
  "end_time": "13:52:47.896512",
  "latencies_ns": {
    "p50": 875560959,
    "p90": 875560959,
    "p99": 875560959
  },
  "blocks_read": {
    "p50": 0,
    "p90": 0,
    "p99": 0
  },
  "database_size": 149429789,
  "num_requests": 1
}