{
  "client_addr": "127.0.0.1:54046",
  "start_time": "13:53:23.203349",
  "end_time": "13:53:23.356409",
  "latencies_ns": {
    "p50": 152961023,
    "p90": 152961023,
    "p99": 152961023
  },
  "blocks_read": {
    "p50": 0,
    "p90": 0,
    "p99": 0
  },
  "database_size": 531039767,
  "num_requests": 1
}