{
  "client_addr": "127.0.0.1:54076",
  "start_time": "13:53:35.877835",
  "end_time": "13:53:36.023189",
  "latencies_ns": {
    "p50": 145227775,
    "p90": 145227775,
    "p99": 145227775
  },
  "blocks_read": {
    "p50": 0,
    "p90": 0,
    "p99": 0
  },
  "database_size": 664445879,
  "num_requests": 1
}