{
  "client_addr": "127.0.0.1:53940",
  "start_time": "13:52:42.923580",
  "end_time": "13:52:43.570321",
  "latencies_ns": {
    "p50": 646971391,
    "p90": 646971391,
    "p99": 646971391
  },
  "blocks_read": {
    "p50": 0,
    "p90": 0,
    "p99": 0
  },
  "database_size": 100615128,
  "num_requests": 1
}