{
  "client_addr": "127.0.0.1:54100",
  "start_time": "13:53:47.224188",
  "end_time": "13:53:47.308833",
  "latencies_ns": {
    "p50": 84410367,
    "p90": 84410367,
    "p99": 84410367
  },
  "blocks_read": {
    "p50": 0,
    "p90": 0,
    "p99": 0
  },
  "database_size": 771232549,
  "num_requests": 1
}