{
  "client_addr": "127.0.0.1:53942",
  "start_time": "13:52:43.816193",
  "end_time": "13:52:43.941364",
  "latencies_ns": {
    "p50": 124911615,
    "p90": 124911615,
    "p99": 124911615
  },
  "blocks_read": {
    "p50": 0,
    "p90": 0,
    "p99": 0
  },
  "database_size": 109986471,
  "num_requests": 1
}