{
  "client_addr": "127.0.0.1:54039",
  "start_time": "13:53:19.430406",
  "end_time": "13:53:20.700732",
  "latencies_ns": {
    "p50": 1270874111,
    "p90": 1270874111,
    "p99": 1270874111
  },
  "blocks_read": {
    "p50": 0,
    "p90": 0,
    "p99": 0
  },
  "database_size": 498309451,
  "num_requests": 1
}