{
  "client_addr": "127.0.0.1:54045",
  "start_time": "13:53:22.993870",
  "end_time": "13:53:23.122364",
  "latencies_ns": {
    "p50": 128319487,
    "p90": 128319487,
    "p99": 128319487
  },
  "blocks_read": {
    "p50": 0,
    "p90": 0,
    "p99": 0
  },
  "database_size": 526335769,
  "num_requests": 1
}