{
  "client_addr": "127.0.0.1:54093",
  "start_time": "13:53:43.555729",
  "end_time": "13:53:43.682506",
  "latencies_ns": {
    "p50": 126550015,
    "p90": 126550015,
    "p99": 126550015
  },
  "blocks_read": {
    "p50": 0,
    "p90": 0,
    "p99": 0
  },
  "database_size": 738488729,
  "num_requests": 1
}