{
  "client_addr": "127.0.0.1:53988",
  "start_time": "13:53:01.124294",
  "end_time": "13:53:01.206897",
  "latencies_ns": {
    "p50": 82378751,
    "p90": 82378751,
    "p99": 82378751
  },
  "blocks_read": {
    "p50": 0,
    "p90": 0,
    "p99": 0
  },
  "database_size": 270167762,
  "num_requests": 1
}