{
  "client_addr": "127.0.0.1:54064",
  "start_time": "13:53:31.862504",
  "end_time": "13:53:31.985678",
  "latencies_ns": {
    "p50": 123011071,
    "p90": 123011071,
    "p99": 123011071
  },
  "blocks_read": {
    "p50": 0,
    "p90": 0,
    "p99": 0
  },
  "database_size": 610905869,
  "num_requests": 1
}