{
  "client_addr": "127.0.0.1:54094",
  "start_time": "13:53:43.761692",
  "end_time": "13:53:43.908622",
  "latencies_ns": {
    "p50": 146800639,
    "p90": 146800639,
    "p99": 146800639
  },
  "blocks_read": {
    "p50": 0,
    "p90": 0,
    "p99": 0
  },
  "database_size": 743192589,
  "num_requests": 1
}