{
  "client_addr": "127.0.0.1:54074",
  "start_time": "13:53:35.512317",
  "end_time": "13:53:35.596033",
  "latencies_ns": {
    "p50": 83558399,
    "p90": 83558399,
    "p99": 83558399
  },
  "blocks_read": {
    "p50": 0,
    "p90": 0,
    "p99": 0
  },
  "database_size": 655037559,
  "num_requests": 1
}