{
  "client_addr": "127.0.0.1:54116",
  "start_time": "13:53:56.772631",
  "end_time": "13:53:57.109072",
  "latencies_ns": {
    "p50": 336330751,
    "p90": 336330751,
    "p99": 336330751
  },
  "blocks_read": {
    "p50": 0,
    "p90": 0,
    "p99": 0
  },
  "database_size": 830376447,
  "num_requests": 1
}