{
  "client_addr": "127.0.0.1:53997",
  "start_time": "13:53:03.196804",
  "end_time": "13:53:03.342081",
  "latencies_ns": {
    "p50": 145096703,
    "p90": 145096703,
    "p99": 145096703
  },
  "blocks_read": {
    "p50": 0,
    "p90": 0,
    "p99": 0
  },
  "database_size": 309699094,
  "num_requests": 1
}