{
  "client_addr": "127.0.0.1:54114",
  "start_time": "13:53:56.348316",
  "end_time": "13:53:56.469634",
  "latencies_ns": {
    "p50": 121110527,
    "p90": 121110527,
    "p99": 121110527
  },
  "blocks_read": {
    "p50": 0,
    "p90": 0,
    "p99": 0
  },
  "database_size": 820968991,
  "num_requests": 1
}