{
  "client_addr": "127.0.0.1:53931",
  "start_time": "13:52:40.239497",
  "end_time": "13:52:40.445535",
  "latencies_ns": {
    "p50": 205914111,
    "p90": 205914111,
    "p99": 205914111
  },
  "blocks_read": {
    "p50": 0,
    "p90": 0,
    "p99": 0
  },
  "database_size": 61127405,
  "num_requests": 1
}