{
  "client_addr": "127.0.0.1:54042",
  "start_time": "13:53:21.152493",
  "end_time": "13:53:21.300864",
  "latencies_ns": {
    "p50": 148242431,
    "p90": 148242431,
    "p99": 148242431
  },
  "blocks_read": {
    "p50": 0,
    "p90": 0,
    "p99": 0
  },
  "database_size": 512326055,
  "num_requests": 1
}