{
  "client_addr": "127.0.0.1:54013",
  "start_time": "13:53:08.110811",
  "end_time": "13:53:08.836374",
  "latencies_ns": {
    "p50": 725614591,
    "p90": 725614591,
    "p99": 725614591
  },
  "blocks_read": {
    "p50": 0,
    "p90": 0,
    "p99": 0
  },
  "database_size": 382060300,
  "num_requests": 1
}