{
  "client_addr": "127.0.0.1:53956",
  "start_time": "13:52:49.663419",
  "end_time": "13:52:49.753075",
  "latencies_ns": {
    "p50": 89391103,
    "p90": 89391103,
    "p99": 89391103
  },
  "blocks_read": {
    "p50": 0,
    "p90": 0,
    "p99": 0
  },
  "database_size": 172824254,
  "num_requests": 1
}