{
  "client_addr": "127.0.0.1:54068",
  "start_time": "13:53:33.153518",
  "end_time": "13:53:33.293444",
  "latencies_ns": {
    "p50": 139722751,
    "p90": 139722751,
    "p99": 139722751
  },
  "blocks_read": {
    "p50": 0,
    "p90": 0,
    "p99": 0
  },
  "database_size": 626896939,
  "num_requests": 1
}