{
  "client_addr": "127.0.0.1:53965",
  "start_time": "13:52:53.531182",
  "end_time": "13:52:53.677131",
  "latencies_ns": {
    "p50": 145752063,
    "p90": 145752063,
    "p99": 145752063
  },
  "blocks_read": {
    "p50": 0,
    "p90": 0,
    "p99": 0
  },
  "database_size": 212209790,
  "num_requests": 1
}