{
  "client_addr": "127.0.0.1:54084",
  "start_time": "13:53:39.003726",
  "end_time": "13:53:39.957654",
  "latencies_ns": {
    "p50": 953679871,
    "p90": 953679871,
    "p99": 953679871
  },
  "blocks_read": {
    "p50": 0,
    "p90": 0,
    "p99": 0
  },
  "database_size": 699169040,
  "num_requests": 1
}