{
  "client_addr": "127.0.0.1:54010",
  "start_time": "13:53:06.934479",
  "end_time": "13:53:07.601398",
  "latencies_ns": {
    "p50": 666894335,
    "p90": 666894335,
    "p99": 666894335
  },
  "blocks_read": {
    "p50": 0,
    "p90": 0,
    "p99": 0
  },
  "database_size": 370781003,
  "num_requests": 1
}