{
  "client_addr": "127.0.0.1:54001",
  "start_time": "13:53:04.284990",
  "end_time": "13:53:04.434684",
  "latencies_ns": {
    "p50": 149553151,
    "p90": 149553151,
    "p99": 149553151
  },
  "blocks_read": {
    "p50": 0,
    "p90": 0,
    "p99": 0
  },
  "database_size": 328498979,
  "num_requests": 1
}