{
  "client_addr": "127.0.0.1:54047",
  "start_time": "13:53:23.437965",
  "end_time": "13:53:27.627646",
  "latencies_ns": {
    "p50": 4190109695,
    "p90": 4190109695,
    "p99": 4190109695
  },
  "blocks_read": {
    "p50": 0,
    "p90": 0,
    "p99": 0
  },
  "database_size": 535743318,
  "num_requests": 1
}