{
  "client_addr": "127.0.0.1:54007",
  "start_time": "13:53:06.331373",
  "end_time": "13:53:06.410560",
  "latencies_ns": {
    "p50": 78970879,
    "p90": 78970879,
    "p99": 78970879
  },
  "blocks_read": {
    "p50": 0,
    "p90": 0,
    "p99": 0
  },
  "database_size": 356669162,
  "num_requests": 1
}