{
  "client_addr": "127.0.0.1:53930",
  "start_time": "13:52:40.075425",
  "end_time": "13:52:40.159607",
  "latencies_ns": {
    "p50": 82509823,
    "p90": 82509823,
    "p99": 82509823
  },
  "blocks_read": {
    "p50": 0,
    "p90": 0,
    "p99": 0
  },
  "database_size": 56423029,
  "num_requests": 1
}