{
  "client_addr": "127.0.0.1:54129",
  "start_time": "13:54:00.736500",
  "end_time": "13:54:00.861053",
  "latencies_ns": {
    "p50": 124387327,
    "p90": 124387327,
    "p99": 124387327
  },
  "blocks_read": {
    "p50": 0,
    "p90": 0,
    "p99": 0
  },
  "database_size": 888656205,
  "num_requests": 1
}