{
  "client_addr": "127.0.0.1:53926",
  "start_time": "13:52:38.977843",
  "end_time": "13:52:39.063933",
  "latencies_ns": {
    "p50": 85852159,
    "p90": 85852159,
    "p99": 85852159
  },
  "blocks_read": {
    "p50": 0,
    "p90": 0,
    "p99": 0
  },
  "database_size": 37622301,
  "num_requests": 1
}