{
  "client_addr": "127.0.0.1:53953",
  "start_time": "13:52:48.141330",
  "end_time": "13:52:48.264041",
  "latencies_ns": {
    "p50": 122552319,
    "p90": 122552319,
    "p99": 122552319
  },
  "blocks_read": {
    "p50": 0,
    "p90": 0,
    "p99": 0
  },
  "database_size": 158779734,
  "num_requests": 1
}