{
  "client_addr": "127.0.0.1:54049",
  "start_time": "13:53:27.875139",
  "end_time": "13:53:27.997277",
  "latencies_ns": {
    "p50": 121962495,
    "p90": 121962495,
    "p99": 121962495
  },
  "blocks_read": {
    "p50": 0,
    "p90": 0,
    "p99": 0
  },
  "database_size": 543188465,
  "num_requests": 1
}