{
  "client_addr": "127.0.0.1:53943",
  "start_time": "13:52:44.022027",
  "end_time": "13:52:44.165360",
  "latencies_ns": {
    "p50": 143130623,
    "p90": 143130623,
    "p99": 143130623
  },
  "blocks_read": {
    "p50": 0,
    "p90": 0,
    "p99": 0
  },
  "database_size": 114690397,
  "num_requests": 1
}