{
  "client_addr": "127.0.0.1:53954",
  "start_time": "13:52:48.343885",
  "end_time": "13:52:48.485120",
  "latencies_ns": {
    "p50": 141033471,
    "p90": 141033471,
    "p99": 141033471
  },
  "blocks_read": {
    "p50": 0,
    "p90": 0,
    "p99": 0
  },
  "database_size": 163483669,
  "num_requests": 1
}