{
  "client_addr": "127.0.0.1:53961",
  "start_time": "13:52:51.686081",
  "end_time": "13:52:51.835023",
  "latencies_ns": {
    "p50": 148766719,
    "p90": 148766719,
    "p99": 148766719
  },
  "blocks_read": {
    "p50": 0,
    "p90": 0,
    "p99": 0
  },
  "database_size": 193474115,
  "num_requests": 1
}