{
  "client_addr": "127.0.0.1:54128",
  "start_time": "13:54:00.575624",
  "end_time": "13:54:00.657559",
  "latencies_ns": {
    "p50": 81723391,
    "p90": 81723391,
    "p99": 81723391
  },
  "blocks_read": {
    "p50": 0,
    "p90": 0,
    "p99": 0
  },
  "database_size": 883951769,
  "num_requests": 1
}