{
  "client_addr": "127.0.0.1:54118",
  "start_time": "13:53:57.352695",
  "end_time": "13:53:57.476842",
  "latencies_ns": {
    "p50": 123994111,
    "p90": 123994111,
    "p99": 123994111
  },
  "blocks_read": {
    "p50": 0,
    "p90": 0,
    "p99": 0
  },
  "database_size": 839776494,
  "num_requests": 1
}