{
  "client_addr": "127.0.0.1:54113",
  "start_time": "13:53:56.189322",
  "end_time": "13:53:56.270614",
  "latencies_ns": {
    "p50": 81068031,
    "p90": 81068031,
    "p99": 81068031
  },
  "blocks_read": {
    "p50": 0,
    "p90": 0,
    "p99": 0
  },
  "database_size": 816264555,
  "num_requests": 1
}