{
  "client_addr": "127.0.0.1:54098",
  "start_time": "13:53:45.658241",
  "end_time": "13:53:45.797805",
  "latencies_ns": {
    "p50": 139460607,
    "p90": 139460607,
    "p99": 139460607
  },
  "blocks_read": {
    "p50": 0,
    "p90": 0,
    "p99": 0
  },
  "database_size": 761921272,
  "num_requests": 1
}