{
  "client_addr": "127.0.0.1:54018",
  "start_time": "13:53:10.394419",
  "end_time": "13:53:10.478205",
  "latencies_ns": {
    "p50": 83558399,
    "p90": 83558399,
    "p99": 83558399
  },
  "blocks_read": {
    "p50": 0,
    "p90": 0,
    "p99": 0
  },
  "database_size": 405484255,
  "num_requests": 1
}