{
  "client_addr": "127.0.0.1:53941",
  "start_time": "13:52:43.651309",
  "end_time": "13:52:43.733527",
  "latencies_ns": {
    "p50": 81985535,
    "p90": 81985535,
    "p99": 81985535
  },
  "blocks_read": {
    "p50": 0,
    "p90": 0,
    "p99": 0
  },
  "database_size": 105282080,
  "num_requests": 1
}