{
  "client_addr": "127.0.0.1:54096",
  "start_time": "13:53:45.255510",
  "end_time": "13:53:45.338942",
  "latencies_ns": {
    "p50": 83230719,
    "p90": 83230719,
    "p99": 83230719
  },
  "blocks_read": {
    "p50": 0,
    "p90": 0,
    "p99": 0
  },
  "database_size": 752512901,
  "num_requests": 1
}