{
  "client_addr": "127.0.0.1:54067",
  "start_time": "13:53:32.954006",
  "end_time": "13:53:33.075003",
  "latencies_ns": {
    "p50": 120782847,
    "p90": 120782847,
    "p99": 120782847
  },
  "blocks_read": {
    "p50": 0,
    "p90": 0,
    "p99": 0
  },
  "database_size": 622192851,
  "num_requests": 1
}