{
  "client_addr": "127.0.0.1:54088",
  "start_time": "13:53:40.632686",
  "end_time": "13:53:41.667485",
  "latencies_ns": {
    "p50": 1034944511,
    "p90": 1034944511,
    "p99": 1034944511
  },
  "blocks_read": {
    "p50": 0,
    "p90": 0,
    "p99": 0
  },
  "database_size": 717918501,
  "num_requests": 1
}