{
  "client_addr": "127.0.0.1:54052",
  "start_time": "13:53:28.575709",
  "end_time": "13:53:28.698831",
  "latencies_ns": {
    "p50": 122879999,
    "p90": 122879999,
    "p99": 122879999
  },
  "blocks_read": {
    "p50": 0,
    "p90": 0,
    "p99": 0
  },
  "database_size": 554503500,
  "num_requests": 1
}