{
  "client_addr": "127.0.0.1:54106",
  "start_time": "13:53:49.649490",
  "end_time": "13:53:55.276552",
  "latencies_ns": {
    "p50": 5628755967,
    "p90": 5628755967,
    "p99": 5628755967
  },
  "blocks_read": {
    "p50": 0,
    "p90": 0,
    "p99": 0
  },
  "database_size": 799353645,
  "num_requests": 1
}