{
  "client_addr": "127.0.0.1:54020",
  "start_time": "13:53:10.761065",
  "end_time": "13:53:10.903156",
  "latencies_ns": {
    "p50": 141950975,
    "p90": 141950975,
    "p99": 141950975
  },
  "blocks_read": {
    "p50": 0,
    "p90": 0,
    "p99": 0
  },
  "database_size": 414892503,
  "num_requests": 1
}