{
  "client_addr": "127.0.0.1:53950",
  "start_time": "13:52:46.797536",
  "end_time": "13:52:46.941325",
  "latencies_ns": {
    "p50": 143654911,
    "p90": 143654911,
    "p99": 143654911
  },
  "blocks_read": {
    "p50": 0,
    "p90": 0,
    "p99": 0
  },
  "database_size": 144726436,
  "num_requests": 1
}