{
  "client_addr": "127.0.0.1:54092",
  "start_time": "13:53:42.344489",
  "end_time": "13:53:43.476662",
  "latencies_ns": {
    "p50": 1132462079,
    "p90": 1132462079,
    "p99": 1132462079
  },
  "blocks_read": {
    "p50": 0,
    "p90": 0,
    "p99": 0
  },
  "database_size": 736659517,
  "num_requests": 1
}