{
  "client_addr": "127.0.0.1:54095",
  "start_time": "13:53:43.992971",
  "end_time": "13:53:45.174694",
  "latencies_ns": {
    "p50": 1181745151,
    "p90": 1181745151,
    "p99": 1181745151
  },
  "blocks_read": {
    "p50": 0,
    "p90": 0,
    "p99": 0
  },
  "database_size": 747896353,
  "num_requests": 1
}