{
  "client_addr": "127.0.0.1:53959",
  "start_time": "13:52:50.272544",
  "end_time": "13:52:51.384043",
  "latencies_ns": {
    "p50": 1111490559,
    "p90": 1111490559,
    "p99": 1111490559
  },
  "blocks_read": {
    "p50": 0,
    "p90": 0,
    "p99": 0
  },
  "database_size": 186935951,
  "num_requests": 1
}