{
  "client_addr": "127.0.0.1:53964",
  "start_time": "13:52:53.324939",
  "end_time": "13:52:53.448265",
  "latencies_ns": {
    "p50": 123142143,
    "p90": 123142143,
    "p99": 123142143
  },
  "blocks_read": {
    "p50": 0,
    "p90": 0,
    "p99": 0
  },
  "database_size": 207505522,
  "num_requests": 1
}