{
  "client_addr": "127.0.0.1:54099",
  "start_time": "13:53:45.876986",
  "end_time": "13:53:47.143633",
  "latencies_ns": {
    "p50": 1266679807,
    "p90": 1266679807,
    "p99": 1266679807
  },
  "blocks_read": {
    "p50": 0,
    "p90": 0,
    "p99": 0
  },
  "database_size": 766624478,
  "num_requests": 1
}