{
  "client_addr": "127.0.0.1:54083",
  "start_time": "13:53:38.771805",
  "end_time": "13:53:38.919726",
  "latencies_ns": {
    "p50": 147718143,
    "p90": 147718143,
    "p99": 147718143
  },
  "blocks_read": {
    "p50": 0,
    "p90": 0,
    "p99": 0
  },
  "database_size": 694465609,
  "num_requests": 1
}