{
  "client_addr": "127.0.0.1:53970",
  "start_time": "13:52:55.659483",
  "end_time": "13:52:56.947983",
  "latencies_ns": {
    "p50": 1288699903,
    "p90": 1288699903,
    "p99": 1288699903
  },
  "blocks_read": {
    "p50": 0,
    "p90": 0,
    "p99": 0
  },
  "database_size": 235641052,
  "num_requests": 1
}