{
  "client_addr": "127.0.0.1:53971",
  "start_time": "13:52:57.028634",
  "end_time": "13:52:57.116811",
  "latencies_ns": {
    "p50": 87949311,
    "p90": 87949311,
    "p99": 87949311
  },
  "blocks_read": {
    "p50": 0,
    "p90": 0,
    "p99": 0
  },
  "database_size": 240249988,
  "num_requests": 1
}