{
  "client_addr": "127.0.0.1:54075",
  "start_time": "13:53:35.676719",
  "end_time": "13:53:35.797967",
  "latencies_ns": {
    "p50": 121044991,
    "p90": 121044991,
    "p99": 121044991
  },
  "blocks_read": {
    "p50": 0,
    "p90": 0,
    "p99": 0
  },
  "database_size": 659741905,
  "num_requests": 1
}