{
  "client_addr": "127.0.0.1:53955",
  "start_time": "13:52:48.565095",
  "end_time": "13:52:49.569643",
  "latencies_ns": {
    "p50": 1004535807,
    "p90": 1004535807,
    "p99": 1004535807
  },
  "blocks_read": {
    "p50": 0,
    "p90": 0,
    "p99": 0
  },
  "database_size": 168187136,
  "num_requests": 1
}