{
  "client_addr": "127.0.0.1:54051",
  "start_time": "13:53:28.315344",
  "end_time": "13:53:28.496509",
  "latencies_ns": {
    "p50": 181010431,
    "p90": 181010431,
    "p99": 181010431
  },
  "blocks_read": {
    "p50": 0,
    "p90": 0,
    "p99": 0
  },
  "database_size": 552595792,
  "num_requests": 1
}