{
  "client_addr": "127.0.0.1:53952",
  "start_time": "13:52:47.977188",
  "end_time": "13:52:48.061209",
  "latencies_ns": {
    "p50": 83820543,
    "p90": 83820543,
    "p99": 83820543
  },
  "blocks_read": {
    "p50": 0,
    "p90": 0,
    "p99": 0
  },
  "database_size": 154075328,
  "num_requests": 1
}