{
  "client_addr": "127.0.0.1:53928",
  "start_time": "13:52:39.353584",
  "end_time": "13:52:39.499428",
  "latencies_ns": {
    "p50": 145752063,
    "p90": 145752063,
    "p99": 145752063
  },
  "blocks_read": {
    "p50": 0,
    "p90": 0,
    "p99": 0
  },
  "database_size": 47030741,
  "num_requests": 1
}