{
  "client_addr": "127.0.0.1:53921",
  "start_time": "13:52:37.725030",
  "end_time": "13:52:37.888656",
  "latencies_ns": {
    "p50": 163315711,
    "p90": 163315711,
    "p99": 163315711
  },
  "blocks_read": {
    "p50": 0,
    "p90": 0,
    "p99": 0
  },
  "database_size": 14111952,
  "num_requests": 1
}