{
  "client_addr": "127.0.0.1:54089",
  "start_time": "13:53:41.749020",
  "end_time": "13:53:41.832606",
  "latencies_ns": {
    "p50": 83427327,
    "p90": 83427327,
    "p99": 83427327
  },
  "blocks_read": {
    "p50": 0,
    "p90": 0,
    "p99": 0
  },
  "database_size": 722547814,
  "num_requests": 1
}