{
  "client_addr": "127.0.0.1:54034",
  "start_time": "13:53:17.215929",
  "end_time": "13:53:17.336588",
  "latencies_ns": {
    "p50": 120520703,
    "p90": 120520703,
    "p99": 120520703
  },
  "blocks_read": {
    "p50": 0,
    "p90": 0,
    "p99": 0
  },
  "database_size": 477673732,
  "num_requests": 1
}