{
  "client_addr": "127.0.0.1:54101",
  "start_time": "13:53:47.391078",
  "end_time": "13:53:47.514774",
  "latencies_ns": {
    "p50": 123535359,
    "p90": 123535359,
    "p99": 123535359
  },
  "blocks_read": {
    "p50": 0,
    "p90": 0,
    "p99": 0
  },
  "database_size": 775937045,
  "num_requests": 1
}