{
  "client_addr": "127.0.0.1:54059",
  "start_time": "13:53:30.500168",
  "end_time": "13:53:30.581029",
  "latencies_ns": {
    "p50": 80674815,
    "p90": 80674815,
    "p99": 80674815
  },
  "blocks_read": {
    "p50": 0,
    "p90": 0,
    "p99": 0
  },
  "database_size": 587408186,
  "num_requests": 1
}