{
  "client_addr": "127.0.0.1:54077",
  "start_time": "13:53:36.104306",
  "end_time": "13:53:36.913022",
  "latencies_ns": {
    "p50": 808976383,
    "p90": 808976383,
    "p99": 808976383
  },
  "blocks_read": {
    "p50": 0,
    "p90": 0,
    "p99": 0
  },
  "database_size": 669149367,
  "num_requests": 1
}