{
  "client_addr": "127.0.0.1:54070",
  "start_time": "13:53:34.089092",
  "end_time": "13:53:34.171260",
  "latencies_ns": {
    "p50": 81919999,
    "p90": 81919999,
    "p99": 81919999
  },
  "blocks_read": {
    "p50": 0,
    "p90": 0,
    "p99": 0
  },
  "database_size": 636266892,
  "num_requests": 1
}