{
  "client_addr": "127.0.0.1:54080",
  "start_time": "13:53:37.445411",
  "end_time": "13:53:38.325215",
  "latencies_ns": {
    "p50": 879755263,
    "p90": 879755263,
    "p99": 879755263
  },
  "blocks_read": {
    "p50": 0,
    "p90": 0,
    "p99": 0
  },
  "database_size": 680412801,
  "num_requests": 1
}