{
  "client_addr": "127.0.0.1:54029",
  "start_time": "13:53:15.231149",
  "end_time": "13:53:15.312926",
  "latencies_ns": {
    "p50": 81592319,
    "p90": 81592319,
    "p99": 81592319
  },
  "blocks_read": {
    "p50": 0,
    "p90": 0,
    "p99": 0
  },
  "database_size": 454235250,
  "num_requests": 1
}