{
  "client_addr": "127.0.0.1:53949",
  "start_time": "13:52:46.596350",
  "end_time": "13:52:46.718457",
  "latencies_ns": {
    "p50": 121896959,
    "p90": 121896959,
    "p99": 121896959
  },
  "blocks_read": {
    "p50": 0,
    "p90": 0,
    "p99": 0
  },
  "database_size": 140022267,
  "num_requests": 1
}