{
  "client_addr": "127.0.0.1:54043",
  "start_time": "13:53:21.380141",
  "end_time": "13:53:22.737353",
  "latencies_ns": {
    "p50": 1357905919,
    "p90": 1357905919,
    "p99": 1357905919
  },
  "blocks_read": {
    "p50": 0,
    "p90": 0,
    "p99": 0
  },
  "database_size": 517029762,
  "num_requests": 1
}