{
  "client_addr": "127.0.0.1:54079",
  "start_time": "13:53:37.155807",
  "end_time": "13:53:37.366718",
  "latencies_ns": {
    "p50": 210763775,
    "p90": 210763775,
    "p99": 210763775
  },
  "blocks_read": {
    "p50": 0,
    "p90": 0,
    "p99": 0
  },
  "database_size": 678504781,
  "num_requests": 1
}