{
  "client_addr": "127.0.0.1:54103",
  "start_time": "13:53:47.817660",
  "end_time": "13:53:49.188430",
  "latencies_ns": {
    "p50": 1371537407,
    "p90": 1371537407,
    "p99": 1371537407
  },
  "blocks_read": {
    "p50": 0,
    "p90": 0,
    "p99": 0
  },
  "database_size": 785344453,
  "num_requests": 1
}