{
  "client_addr": "127.0.0.1:54090",
  "start_time": "13:53:41.913111",
  "end_time": "13:53:42.040090",
  "latencies_ns": {
    "p50": 126812159,
    "p90": 126812159,
    "p99": 126812159
  },
  "blocks_read": {
    "p50": 0,
    "p90": 0,
    "p99": 0
  },
  "database_size": 727252130,
  "num_requests": 1
}