{
  "client_addr": "127.0.0.1:54108",
  "start_time": "13:53:55.362796",
  "end_time": "13:53:55.445120",
  "latencies_ns": {
    "p50": 82051071,
    "p90": 82051071,
    "p99": 82051071
  },
  "blocks_read": {
    "p50": 0,
    "p90": 0,
    "p99": 0
  },
  "database_size": 797449559,
  "num_requests": 1
}