{
  "client_addr": "127.0.0.1:53947",
  "start_time": "13:52:45.555192",
  "end_time": "13:52:46.356342",
  "latencies_ns": {
    "p50": 801112063,
    "p90": 801112063,
    "p99": 801112063
  },
  "blocks_read": {
    "p50": 0,
    "p90": 0,
    "p99": 0
  },
  "database_size": 130666160,
  "num_requests": 1
}