{
  "client_addr": "127.0.0.1:54081",
  "start_time": "13:53:38.404118",
  "end_time": "13:53:38.484392",
  "latencies_ns": {
    "p50": 80084991,
    "p90": 80084991,
    "p99": 80084991
  },
  "blocks_read": {
    "p50": 0,
    "p90": 0,
    "p99": 0
  },
  "database_size": 685057052,
  "num_requests": 1
}