{
  "client_addr": "127.0.0.1:53995",
  "start_time": "13:53:02.556829",
  "end_time": "13:53:02.891017",
  "latencies_ns": {
    "p50": 333971455,
    "p90": 333971455,
    "p99": 333971455
  },
  "blocks_read": {
    "p50": 0,
    "p90": 0,
    "p99": 0
  },
  "database_size": 303094563,
  "num_requests": 1
}