{
  "client_addr": "127.0.0.1:54119",
  "start_time": "13:53:57.557903",
  "end_time": "13:53:57.699827",
  "latencies_ns": {
    "p50": 141819903,
    "p90": 141819903,
    "p99": 141819903
  },
  "blocks_read": {
    "p50": 0,
    "p90": 0,
    "p99": 0
  },
  "database_size": 844480285,
  "num_requests": 1
}