{
  "client_addr": "127.0.0.1:53987",
  "start_time": "13:52:59.542591",
  "end_time": "13:53:01.039878",
  "latencies_ns": {
    "p50": 1497366527,
    "p90": 1497366527,
    "p99": 1497366527
  },
  "blocks_read": {
    "p50": 0,
    "p90": 0,
    "p99": 0
  },
  "database_size": 265575115,
  "num_requests": 1
}