{
  "client_addr": "127.0.0.1:54044",
  "start_time": "13:53:22.823503",
  "end_time": "13:53:22.912447",
  "latencies_ns": {
    "p50": 88735743,
    "p90": 88735743,
    "p99": 88735743
  },
  "blocks_read": {
    "p50": 0,
    "p90": 0,
    "p99": 0
  },
  "database_size": 521631333,
  "num_requests": 1
}