{
  "client_addr": "127.0.0.1:54111",
  "start_time": "13:53:55.725874",
  "end_time": "13:53:55.867693",
  "latencies_ns": {
    "p50": 141688831,
    "p90": 141688831,
    "p99": 141688831
  },
  "blocks_read": {
    "p50": 0,
    "p90": 0,
    "p99": 0
  },
  "database_size": 806858068,
  "num_requests": 1
}