{
  "client_addr": "127.0.0.1:54122",
  "start_time": "13:53:58.451470",
  "end_time": "13:53:58.661255",
  "latencies_ns": {
    "p50": 209584127,
    "p90": 209584127,
    "p99": 209584127
  },
  "blocks_read": {
    "p50": 0,
    "p90": 0,
    "p99": 0
  },
  "database_size": 858576565,
  "num_requests": 1
}