{
  "client_addr": "127.0.0.1:54016",
  "start_time": "13:53:09.283351",
  "end_time": "13:53:09.427583",
  "latencies_ns": {
    "p50": 144048127,
    "p90": 144048127,
    "p99": 144048127
  },
  "blocks_read": {
    "p50": 0,
    "p90": 0,
    "p99": 0
  },
  "database_size": 396128432,
  "num_requests": 1
}