{
  "client_addr": "127.0.0.1:54104",
  "start_time": "13:53:49.270276",
  "end_time": "13:53:49.354962",
  "latencies_ns": {
    "p50": 84475903,
    "p90": 84475903,
    "p99": 84475903
  },
  "blocks_read": {
    "p50": 0,
    "p90": 0,
    "p99": 0
  },
  "database_size": 789945004,
  "num_requests": 1
}