{
  "client_addr": "127.0.0.1:53993",
  "start_time": "13:53:02.131278",
  "end_time": "13:53:02.252936",
  "latencies_ns": {
    "p50": 121503743,
    "p90": 121503743,
    "p99": 121503743
  },
  "blocks_read": {
    "p50": 0,
    "p90": 0,
    "p99": 0
  },
  "database_size": 293687284,
  "num_requests": 1
}