{
  "client_addr": "127.0.0.1:54062",
  "start_time": "13:53:31.123053",
  "end_time": "13:53:31.619125",
  "latencies_ns": {
    "p50": 495976447,
    "p90": 495976447,
    "p99": 495976447
  },
  "blocks_read": {
    "p50": 0,
    "p90": 0,
    "p99": 0
  },
  "database_size": 601520330,
  "num_requests": 1
}