{
  "client_addr": "127.0.0.1:53957",
  "start_time": "13:52:49.837477",
  "end_time": "13:52:49.965775",
  "latencies_ns": {
    "p50": 128057343,
    "p90": 128057343,
    "p99": 128057343
  },
  "blocks_read": {
    "p50": 0,
    "p90": 0,
    "p99": 0
  },
  "database_size": 177528690,
  "num_requests": 1
}