{
  "client_addr": "127.0.0.1:54124",
  "start_time": "13:53:59.339067",
  "end_time": "13:53:59.420285",
  "latencies_ns": {
    "p50": 81002495,
    "p90": 81002495,
    "p99": 81002495
  },
  "blocks_read": {
    "p50": 0,
    "p90": 0,
    "p99": 0
  },
  "database_size": 865165892,
  "num_requests": 1
}