{
  "client_addr": "127.0.0.1:53969",
  "start_time": "13:52:55.433675",
  "end_time": "13:52:55.577424",
  "latencies_ns": {
    "p50": 143654911,
    "p90": 143654911,
    "p99": 143654911
  },
  "blocks_read": {
    "p50": 0,
    "p90": 0,
    "p99": 0
  },
  "database_size": 230937498,
  "num_requests": 1
}