{
  "client_addr": "127.0.0.1:53968",
  "start_time": "13:52:55.225495",
  "end_time": "13:52:55.350505",
  "latencies_ns": {
    "p50": 124846079,
    "p90": 124846079,
    "p99": 124846079
  },
  "blocks_read": {
    "p50": 0,
    "p90": 0,
    "p99": 0
  },
  "database_size": 226233647,
  "num_requests": 1
}