{
  "client_addr": "127.0.0.1:54065",
  "start_time": "13:53:32.066557",
  "end_time": "13:53:32.717342",
  "latencies_ns": {
    "p50": 650641407,
    "p90": 650641407,
    "p99": 650641407
  },
  "blocks_read": {
    "p50": 0,
    "p90": 0,
    "p99": 0
  },
  "database_size": 615609807,
  "num_requests": 1
}