{
  "client_addr": "127.0.0.1:53998",
  "start_time": "13:53:03.420942",
  "end_time": "13:53:03.832604",
  "latencies_ns": {
    "p50": 411566079,
    "p90": 411566079,
    "p99": 411566079
  },
  "blocks_read": {
    "p50": 0,
    "p90": 0,
    "p99": 0
  },
  "database_size": 314402696,
  "num_requests": 1
}