{
  "client_addr": "127.0.0.1:54055",
  "start_time": "13:53:29.415422",
  "end_time": "13:53:29.496639",
  "latencies_ns": {
    "p50": 81002495,
    "p90": 81002495,
    "p99": 81002495
  },
  "blocks_read": {
    "p50": 0,
    "p90": 0,
    "p99": 0
  },
  "database_size": 568607305,
  "num_requests": 1
}