{
  "client_addr": "127.0.0.1:54109",
  "start_time": "13:53:55.522863",
  "end_time": "13:53:55.647326",
  "latencies_ns": {
    "p50": 124256255,
    "p90": 124256255,
    "p99": 124256255
  },
  "blocks_read": {
    "p50": 0,
    "p90": 0,
    "p99": 0
  },
  "database_size": 802154115,
  "num_requests": 1
}