{
  "client_addr": "127.0.0.1:54025",
  "start_time": "13:53:13.500676",
  "end_time": "13:53:13.617713",
  "latencies_ns": {
    "p50": 116850687,
    "p90": 116850687,
    "p99": 116850687
  },
  "blocks_read": {
    "p50": 0,
    "p90": 0,
    "p99": 0
  },
  "database_size": 435492925,
  "num_requests": 1
}