{
  "client_addr": "127.0.0.1:54008",
  "start_time": "13:53:06.492632",
  "end_time": "13:53:06.619854",
  "latencies_ns": {
    "p50": 127074303,
    "p90": 127074303,
    "p99": 127074303
  },
  "blocks_read": {
    "p50": 0,
    "p90": 0,
    "p99": 0
  },
  "database_size": 361373583,
  "num_requests": 1
}