{
  "client_addr": "127.0.0.1:53973",
  "start_time": "13:52:57.477922",
  "end_time": "13:52:58.863779",
  "latencies_ns": {
    "p50": 1386217471,
    "p90": 1386217471,
    "p99": 1386217471
  },
  "blocks_read": {
    "p50": 0,
    "p90": 0,
    "p99": 0
  },
  "database_size": 246862228,
  "num_requests": 1
}