{
  "client_addr": "127.0.0.1:54009",
  "start_time": "13:53:06.705810",
  "end_time": "13:53:06.852441",
  "latencies_ns": {
    "p50": 146538495,
    "p90": 146538495,
    "p99": 146538495
  },
  "blocks_read": {
    "p50": 0,
    "p90": 0,
    "p99": 0
  },
  "database_size": 366077452,
  "num_requests": 1
}