{
  "client_addr": "127.0.0.1:53967",
  "start_time": "13:52:55.055277",
  "end_time": "13:52:55.140583",
  "latencies_ns": {
    "p50": 85065727,
    "p90": 85065727,
    "p99": 85065727
  },
  "blocks_read": {
    "p50": 0,
    "p90": 0,
    "p99": 0
  },
  "database_size": 221529181,
  "num_requests": 1
}