{
  "client_addr": "127.0.0.1:54005",
  "start_time": "13:53:05.458522",
  "end_time": "13:53:05.598817",
  "latencies_ns": {
    "p50": 140115967,
    "p90": 140115967,
    "p99": 140115967
  },
  "blocks_read": {
    "p50": 0,
    "p90": 0,
    "p99": 0
  },
  "database_size": 347291785,
  "num_requests": 1
}