{
  "client_addr": "127.0.0.1:53923",
  "start_time": "13:52:38.133567",
  "end_time": "13:52:38.260935",
  "latencies_ns": {
    "p50": 127139839,
    "p90": 127139839,
    "p99": 127139839
  },
  "blocks_read": {
    "p50": 0,
    "p90": 0,
    "p99": 0
  },
  "database_size": 23519321,
  "num_requests": 1
}