{
  "client_addr": "127.0.0.1:54105",
  "start_time": "13:53:49.436508",
  "end_time": "13:53:49.563585",
  "latencies_ns": {
    "p50": 126877695,
    "p90": 126877695,
    "p99": 126877695
  },
  "blocks_read": {
    "p50": 0,
    "p90": 0,
    "p99": 0
  },
  "database_size": 794649500,
  "num_requests": 1
}