{
  "client_addr": "127.0.0.1:54038",
  "start_time": "13:53:19.208302",
  "end_time": "13:53:19.351765",
  "latencies_ns": {
    "p50": 143261695,
    "p90": 143261695,
    "p99": 143261695
  },
  "blocks_read": {
    "p50": 0,
    "p90": 0,
    "p99": 0
  },
  "database_size": 493606218,
  "num_requests": 1
}