{
  "client_addr": "127.0.0.1:53948",
  "start_time": "13:52:46.435368",
  "end_time": "13:52:46.517406",
  "latencies_ns": {
    "p50": 81854463,
    "p90": 81854463,
    "p99": 81854463
  },
  "blocks_read": {
    "p50": 0,
    "p90": 0,
    "p99": 0
  },
  "database_size": 135317801,
  "num_requests": 1
}