{
  "client_addr": "127.0.0.1:53985",
  "start_time": "13:52:59.106263",
  "end_time": "13:52:59.230867",
  "latencies_ns": {
    "p50": 124387327,
    "p90": 124387327,
    "p99": 124387327
  },
  "blocks_read": {
    "p50": 0,
    "p90": 0,
    "p99": 0
  },
  "database_size": 256167557,
  "num_requests": 1
}