{
  "client_addr": "127.0.0.1:54021",
  "start_time": "13:53:10.983409",
  "end_time": "13:53:11.925516",
  "latencies_ns": {
    "p50": 942145535,
    "p90": 942145535,
    "p99": 942145535
  },
  "blocks_read": {
    "p50": 0,
    "p90": 0,
    "p99": 0
  },
  "database_size": 419595934,
  "num_requests": 1
}