{
  "client_addr": "127.0.0.1:53994",
  "start_time": "13:53:02.333247",
  "end_time": "13:53:02.476242",
  "latencies_ns": {
    "p50": 142737407,
    "p90": 142737407,
    "p99": 142737407
  },
  "blocks_read": {
    "p50": 0,
    "p90": 0,
    "p99": 0
  },
  "database_size": 298391168,
  "num_requests": 1
}