{
  "client_addr": "127.0.0.1:54053",
  "start_time": "13:53:28.777524",
  "end_time": "13:53:28.922688",
  "latencies_ns": {
    "p50": 144965631,
    "p90": 144965631,
    "p99": 144965631
  },
  "blocks_read": {
    "p50": 0,
    "p90": 0,
    "p99": 0
  },
  "database_size": 559207537,
  "num_requests": 1
}