{
  "client_addr": "127.0.0.1:54004",
  "start_time": "13:53:05.252890",
  "end_time": "13:53:05.378562",
  "latencies_ns": {
    "p50": 125501439,
    "p90": 125501439,
    "p99": 125501439
  },
  "blocks_read": {
    "p50": 0,
    "p90": 0,
    "p99": 0
  },
  "database_size": 342587859,
  "num_requests": 1
}