{
  "client_addr": "127.0.0.1:54078",
  "start_time": "13:53:36.995254",
  "end_time": "13:53:37.074563",
  "latencies_ns": {
    "p50": 79101951,
    "p90": 79101951,
    "p99": 79101951
  },
  "blocks_read": {
    "p50": 0,
    "p90": 0,
    "p99": 0
  },
  "database_size": 673800390,
  "num_requests": 1
}