{
  "client_addr": "127.0.0.1:54126",
  "start_time": "13:53:59.703722",
  "end_time": "13:53:59.847217",
  "latencies_ns": {
    "p50": 143392767,
    "p90": 143392767,
    "p99": 143392767
  },
  "blocks_read": {
    "p50": 0,
    "p90": 0,
    "p99": 0
  },
  "database_size": 874574254,
  "num_requests": 1
}