{
  "client_addr": "127.0.0.1:54097",
  "start_time": "13:53:45.418387",
  "end_time": "13:53:45.579271",
  "latencies_ns": {
    "p50": 160694271,
    "p90": 160694271,
    "p99": 160694271
  },
  "blocks_read": {
    "p50": 0,
    "p90": 0,
    "p99": 0
  },
  "database_size": 757217337,
  "num_requests": 1
}