{
  "client_addr": "127.0.0.1:53925",
  "start_time": "13:52:38.563250",
  "end_time": "13:52:38.895876",
  "latencies_ns": {
    "p50": 332660735,
    "p90": 332660735,
    "p99": 332660735
  },
  "blocks_read": {
    "p50": 0,
    "p90": 0,
    "p99": 0
  },
  "database_size": 32926801,
  "num_requests": 1
}