{
  "client_addr": "127.0.0.1:53938",
  "start_time": "13:52:42.491597",
  "end_time": "13:52:42.613028",
  "latencies_ns": {
    "p50": 121176063,
    "p90": 121176063,
    "p99": 121176063
  },
  "blocks_read": {
    "p50": 0,
    "p90": 0,
    "p99": 0
  },
  "database_size": 91207513,
  "num_requests": 1
}