{
  "client_addr": "127.0.0.1:54003",
  "start_time": "13:53:05.090197",
  "end_time": "13:53:05.173669",
  "latencies_ns": {
    "p50": 83296255,
    "p90": 83296255,
    "p99": 83296255
  },
  "blocks_read": {
    "p50": 0,
    "p90": 0,
    "p99": 0
  },
  "database_size": 337883318,
  "num_requests": 1
}