{
  "client_addr": "127.0.0.1:54123",
  "start_time": "13:53:58.739793",
  "end_time": "13:53:59.252155",
  "latencies_ns": {
    "p50": 512229375,
    "p90": 512229375,
    "p99": 512229375
  },
  "blocks_read": {
    "p50": 0,
    "p90": 0,
    "p99": 0
  },
  "database_size": 860484378,
  "num_requests": 1
}