{
  "client_addr": "127.0.0.1:53924",
  "start_time": "13:52:38.340243",
  "end_time": "13:52:38.483804",
  "latencies_ns": {
    "p50": 143392767,
    "p90": 143392767,
    "p99": 143392767
  },
  "blocks_read": {
    "p50": 0,
    "p90": 0,
    "p99": 0
  },
  "database_size": 28223268,
  "num_requests": 1
}