{
  "client_addr": "127.0.0.1:54060",
  "start_time": "13:53:30.660888",
  "end_time": "13:53:30.784108",
  "latencies_ns": {
    "p50": 123076607,
    "p90": 123076607,
    "p99": 123076607
  },
  "blocks_read": {
    "p50": 0,
    "p90": 0,
    "p99": 0
  },
  "database_size": 592112622,
  "num_requests": 1
}