{
  "client_addr": "127.0.0.1:54121",
  "start_time": "13:53:58.286510",
  "end_time": "13:53:58.370066",
  "latencies_ns": {
    "p50": 83361791,
    "p90": 83361791,
    "p99": 83361791
  },
  "blocks_read": {
    "p50": 0,
    "p90": 0,
    "p99": 0
  },
  "database_size": 853872054,
  "num_requests": 1
}