{
  "client_addr": "127.0.0.1:54030",
  "start_time": "13:53:15.394127",
  "end_time": "13:53:15.525837",
  "latencies_ns": {
    "p50": 131465215,
    "p90": 131465215,
    "p99": 131465215
  },
  "blocks_read": {
    "p50": 0,
    "p90": 0,
    "p99": 0
  },
  "database_size": 458939716,
  "num_requests": 1
}