{
  "client_addr": "127.0.0.1:54015",
  "start_time": "13:53:09.078183",
  "end_time": "13:53:09.204094",
  "latencies_ns": {
    "p50": 125698047,
    "p90": 125698047,
    "p99": 125698047
  },
  "blocks_read": {
    "p50": 0,
    "p90": 0,
    "p99": 0
  },
  "database_size": 391424518,
  "num_requests": 1
}