{
  "client_addr": "127.0.0.1:53934",
  "start_time": "13:52:41.247217",
  "end_time": "13:52:41.370412",
  "latencies_ns": {
    "p50": 122945535,
    "p90": 122945535,
    "p99": 122945535
  },
  "blocks_read": {
    "p50": 0,
    "p90": 0,
    "p99": 0
  },
  "database_size": 72421570,
  "num_requests": 1
}