{
  "client_addr": "127.0.0.1:54086",
  "start_time": "13:53:40.202295",
  "end_time": "13:53:40.331722",
  "latencies_ns": {
    "p50": 129236991,
    "p90": 129236991,
    "p99": 129236991
  },
  "blocks_read": {
    "p50": 0,
    "p90": 0,
    "p99": 0
  },
  "database_size": 708511408,
  "num_requests": 1
}