{
  "client_addr": "127.0.0.1:54040",
  "start_time": "13:53:20.781322",
  "end_time": "13:53:20.863787",
  "latencies_ns": {
    "p50": 82247679,
    "p90": 82247679,
    "p99": 82247679
  },
  "blocks_read": {
    "p50": 0,
    "p90": 0,
    "p99": 0
  },
  "database_size": 502917663,
  "num_requests": 1
}