{
  "client_addr": "127.0.0.1:54091",
  "start_time": "13:53:42.121040",
  "end_time": "13:53:42.263696",
  "latencies_ns": {
    "p50": 142475263,
    "p90": 142475263,
    "p99": 142475263
  },
  "blocks_read": {
    "p50": 0,
    "p90": 0,
    "p99": 0
  },
  "database_size": 731955942,
  "num_requests": 1
}