{
  "client_addr": "127.0.0.1:53989",
  "start_time": "13:53:01.287101",
  "end_time": "13:53:01.414725",
  "latencies_ns": {
    "p50": 127467519,
    "p90": 127467519,
    "p99": 127467519
  },
  "blocks_read": {
    "p50": 0,
    "p90": 0,
    "p99": 0
  },
  "database_size": 274872213,
  "num_requests": 1
}