{
  "client_addr": "127.0.0.1:54036",
  "start_time": "13:53:17.645002",
  "end_time": "13:53:18.888730",
  "latencies_ns": {
    "p50": 1243611135,
    "p90": 1243611135,
    "p99": 1243611135
  },
  "blocks_read": {
    "p50": 0,
    "p90": 0,
    "p99": 0
  },
  "database_size": 487081140,
  "num_requests": 1
}