{
  "client_addr": "127.0.0.1:53918",
  "start_time": "13:52:37.134442",
  "end_time": "13:52:37.215938",
  "latencies_ns": {
    "p50": 80740351,
    "p90": 80740351,
    "p99": 80740351
  },
  "blocks_read": {
    "p50": 0,
    "p90": 0,
    "p99": 0
  },
  "database_size": 24,
  "num_requests": 1
}