{
  "client_addr": "127.0.0.1:53939",
  "start_time": "13:52:42.699749",
  "end_time": "13:52:42.844078",
  "latencies_ns": {
    "p50": 144048127,
    "p90": 144048127,
    "p99": 144048127
  },
  "blocks_read": {
    "p50": 0,
    "p90": 0,
    "p99": 0
  },
  "database_size": 95911502,
  "num_requests": 1
}