{
  "client_addr": "127.0.0.1:54061",
  "start_time": "13:53:30.864458",
  "end_time": "13:53:31.013524",
  "latencies_ns": {
    "p50": 148897791,
    "p90": 148897791,
    "p99": 148897791
  },
  "blocks_read": {
    "p50": 0,
    "p90": 0,
    "p99": 0
  },
  "database_size": 596816746,
  "num_requests": 1
}