{
  "client_addr": "127.0.0.1:54022",
  "start_time": "13:53:12.012027",
  "end_time": "13:53:12.096311",
  "latencies_ns": {
    "p50": 84082687,
    "p90": 84082687,
    "p99": 84082687
  },
  "blocks_read": {
    "p50": 0,
    "p90": 0,
    "p99": 0
  },
  "database_size": 424242706,
  "num_requests": 1
}