{
  "client_addr": "127.0.0.1:53933",
  "start_time": "13:52:41.082061",
  "end_time": "13:52:41.169041",
  "latencies_ns": {
    "p50": 86769663,
    "p90": 86769663,
    "p99": 86769663
  },
  "blocks_read": {
    "p50": 0,
    "p90": 0,
    "p99": 0
  },
  "database_size": 67717044,
  "num_requests": 1
}