{
  "client_addr": "127.0.0.1:54115",
  "start_time": "13:53:56.549159",
  "end_time": "13:53:56.693600",
  "latencies_ns": {
    "p50": 144310271,
    "p90": 144310271,
    "p99": 144310271
  },
  "blocks_read": {
    "p50": 0,
    "p90": 0,
    "p99": 0
  },
  "database_size": 825672833,
  "num_requests": 1
}