{
  "client_addr": "127.0.0.1:54033",
  "start_time": "13:53:17.048183",
  "end_time": "13:53:17.131109",
  "latencies_ns": {
    "p50": 82706431,
    "p90": 82706431,
    "p99": 82706431
  },
  "blocks_read": {
    "p50": 0,
    "p90": 0,
    "p99": 0
  },
  "database_size": 472969461,
  "num_requests": 1
}