{
  "client_addr": "127.0.0.1:53922",
  "start_time": "13:52:37.968845",
  "end_time": "13:52:38.053117",
  "latencies_ns": {
    "p50": 84082687,
    "p90": 84082687,
    "p99": 84082687
  },
  "blocks_read": {
    "p50": 0,
    "p90": 0,
    "p99": 0
  },
  "database_size": 18814825,
  "num_requests": 1
}