{
  "client_addr": "127.0.0.1:54014",
  "start_time": "13:53:08.916424",
  "end_time": "13:53:08.997468",
  "latencies_ns": {
    "p50": 80805887,
    "p90": 80805887,
    "p99": 80805887
  },
  "blocks_read": {
    "p50": 0,
    "p90": 0,
    "p99": 0
  },
  "database_size": 386720067,
  "num_requests": 1
}