{
  "client_addr": "127.0.0.1:54037",
  "start_time": "13:53:18.981538",
  "end_time": "13:53:19.130735",
  "latencies_ns": {
    "p50": 149028863,
    "p90": 149028863,
    "p99": 149028863
  },
  "blocks_read": {
    "p50": 0,
    "p90": 0,
    "p99": 0
  },
  "database_size": 491697445,
  "num_requests": 1
}