{
  "client_addr": "127.0.0.1:54035",
  "start_time": "13:53:17.422680",
  "end_time": "13:53:17.564252",
  "latencies_ns": {
    "p50": 141426687,
    "p90": 141426687,
    "p99": 141426687
  },
  "blocks_read": {
    "p50": 0,
    "p90": 0,
    "p99": 0
  },
  "database_size": 482377649,
  "num_requests": 1
}