{
  "client_addr": "127.0.0.1:54019",
  "start_time": "13:53:10.558258",
  "end_time": "13:53:10.681367",
  "latencies_ns": {
    "p50": 122945535,
    "p90": 122945535,
    "p99": 122945535
  },
  "blocks_read": {
    "p50": 0,
    "p90": 0,
    "p99": 0
  },
  "database_size": 410188541,
  "num_requests": 1
}