{
  "client_addr": "127.0.0.1:53937",
  "start_time": "13:52:42.329338",
  "end_time": "13:52:42.410953",
  "latencies_ns": {
    "p50": 81395711,
    "p90": 81395711,
    "p99": 81395711
  },
  "blocks_read": {
    "p50": 0,
    "p90": 0,
    "p99": 0
  },
  "database_size": 86503047,
  "num_requests": 1
}