{
  "client_addr": "127.0.0.1:53945",
  "start_time": "13:52:45.105359",
  "end_time": "13:52:45.251595",
  "latencies_ns": {
    "p50": 146014207,
    "p90": 146014207,
    "p99": 146014207
  },
  "blocks_read": {
    "p50": 0,
    "p90": 0,
    "p99": 0
  },
  "database_size": 124053896,
  "num_requests": 1
}