{
  "client_addr": "127.0.0.1:54085",
  "start_time": "13:53:40.039075",
  "end_time": "13:53:40.122969",
  "latencies_ns": {
    "p50": 83689471,
    "p90": 83689471,
    "p99": 83689471
  },
  "blocks_read": {
    "p50": 0,
    "p90": 0,
    "p99": 0
  },
  "database_size": 703806897,
  "num_requests": 1
}