{
  "client_addr": "127.0.0.1:54028",
  "start_time": "13:53:14.121087",
  "end_time": "13:53:15.150358",
  "latencies_ns": {
    "p50": 1029177343,
    "p90": 1029177343,
    "p99": 1029177343
  },
  "blocks_read": {
    "p50": 0,
    "p90": 0,
    "p99": 0
  },
  "database_size": 449604853,
  "num_requests": 1
}