{
  "client_addr": "127.0.0.1:54054",
  "start_time": "13:53:29.002265",
  "end_time": "13:53:29.336546",
  "latencies_ns": {
    "p50": 334233599,
    "p90": 334233599,
    "p99": 334233599
  },
  "blocks_read": {
    "p50": 0,
    "p90": 0,
    "p99": 0
  },
  "database_size": 563911136,
  "num_requests": 1
}