{
  "client_addr": "127.0.0.1:53986",
  "start_time": "13:52:59.308992",
  "end_time": "13:52:59.461407",
  "latencies_ns": {
    "p50": 152174591,
    "p90": 152174591,
    "p99": 152174591
  },
  "blocks_read": {
    "p50": 0,
    "p90": 0,
    "p99": 0
  },
  "database_size": 260871423,
  "num_requests": 1
}