{
  "client_addr": "127.0.0.1:54032",
  "start_time": "13:53:15.833072",
  "end_time": "13:53:16.965226",
  "latencies_ns": {
    "p50": 1132462079,
    "p90": 1132462079,
    "p99": 1132462079
  },
  "blocks_read": {
    "p50": 0,
    "p90": 0,
    "p99": 0
  },
  "database_size": 468347202,
  "num_requests": 1
}