{
  "client_addr": "127.0.0.1:54071",
  "start_time": "13:53:34.261569",
  "end_time": "13:53:34.395413",
  "latencies_ns": {
    "p50": 133627903,
    "p90": 133627903,
    "p99": 133627903
  },
  "blocks_read": {
    "p50": 0,
    "p90": 0,
    "p99": 0
  },
  "database_size": 640971238,
  "num_requests": 1
}