{
  "client_addr": "127.0.0.1:53935",
  "start_time": "13:52:41.450023",
  "end_time": "13:52:41.592363",
  "latencies_ns": {
    "p50": 142213119,
    "p90": 142213119,
    "p99": 142213119
  },
  "blocks_read": {
    "p50": 0,
    "p90": 0,
    "p99": 0
  },
  "database_size": 77125550,
  "num_requests": 1
}