{
  "client_addr": "127.0.0.1:54012",
  "start_time": "13:53:07.883850",
  "end_time": "13:53:08.031736",
  "latencies_ns": {
    "p50": 147718143,
    "p90": 147718143,
    "p99": 147718143
  },
  "blocks_read": {
    "p50": 0,
    "p90": 0,
    "p99": 0
  },
  "database_size": 377356722,
  "num_requests": 1
}