{
  "client_addr": "127.0.0.1:54048",
  "start_time": "13:53:27.710893",
  "end_time": "13:53:27.793933",
  "latencies_ns": {
    "p50": 82837503,
    "p90": 82837503,
    "p99": 82837503
  },
  "blocks_read": {
    "p50": 0,
    "p90": 0,
    "p99": 0
  },
  "database_size": 538484134,
  "num_requests": 1
}