{
  "client_addr": "127.0.0.1:54073",
  "start_time": "13:53:34.704309",
  "end_time": "13:53:35.431566",
  "latencies_ns": {
    "p50": 727187455,
    "p90": 727187455,
    "p99": 727187455
  },
  "blocks_read": {
    "p50": 0,
    "p90": 0,
    "p99": 0
  },
  "database_size": 650378889,
  "num_requests": 1
}