{
  "client_addr": "127.0.0.1:54127",
  "start_time": "13:53:59.927024",
  "end_time": "13:54:00.494639",
  "latencies_ns": {
    "p50": 567803903,
    "p90": 567803903,
    "p99": 567803903
  },
  "blocks_read": {
    "p50": 0,
    "p90": 0,
    "p99": 0
  },
  "database_size": 879277763,
  "num_requests": 1
}