{
  "client_addr": "127.0.0.1:53996",
  "start_time": "13:53:02.973507",
  "end_time": "13:53:03.118107",
  "latencies_ns": {
    "p50": 144441343,
    "p90": 144441343,
    "p99": 144441343
  },
  "blocks_read": {
    "p50": 0,
    "p90": 0,
    "p99": 0
  },
  "database_size": 307790327,
  "num_requests": 1
}