{
  "client_addr": "127.0.0.1:54058",
  "start_time": "13:53:30.002235",
  "end_time": "13:53:30.418216",
  "latencies_ns": {
    "p50": 415760383,
    "p90": 415760383,
    "p99": 415760383
  },
  "blocks_read": {
    "p50": 0,
    "p90": 0,
    "p99": 0
  },
  "database_size": 582719356,
  "num_requests": 1
}