{
  "client_addr": "127.0.0.1:54120",
  "start_time": "13:53:57.780908",
  "end_time": "13:53:58.203661",
  "latencies_ns": {
    "p50": 422576127,
    "p90": 422576127,
    "p99": 422576127
  },
  "blocks_read": {
    "p50": 0,
    "p90": 0,
    "p99": 0
  },
  "database_size": 849183794,
  "num_requests": 1
}