{
  "client_addr": "127.0.0.1:54057",
  "start_time": "13:53:29.778810",
  "end_time": "13:53:29.922889",
  "latencies_ns": {
    "p50": 143917055,
    "p90": 143917055,
    "p99": 143917055
  },
  "blocks_read": {
    "p50": 0,
    "p90": 0,
    "p99": 0
  },
  "database_size": 578015793,
  "num_requests": 1
}