{
  "client_addr": "127.0.0.1:54066",
  "start_time": "13:53:32.796409",
  "end_time": "13:53:32.873860",
  "latencies_ns": {
    "p50": 77266943,
    "p90": 77266943,
    "p99": 77266943
  },
  "blocks_read": {
    "p50": 0,
    "p90": 0,
    "p99": 0
  },
  "database_size": 617488460,
  "num_requests": 1
}