{
  "client_addr": "127.0.0.1:53936",
  "start_time": "13:52:41.672755",
  "end_time": "13:52:42.248670",
  "latencies_ns": {
    "p50": 575668223,
    "p90": 575668223,
    "p99": 575668223
  },
  "blocks_read": {
    "p50": 0,
    "p90": 0,
    "p99": 0
  },
  "database_size": 81829110,
  "num_requests": 1
}