{
  "client_addr": "127.0.0.1:53984",
  "start_time": "13:52:58.945043",
  "end_time": "13:52:59.027665",
  "latencies_ns": {
    "p50": 82444287,
    "p90": 82444287,
    "p99": 82444287
  },
  "blocks_read": {
    "p50": 0,
    "p90": 0,
    "p99": 0
  },
  "database_size": 251463061,
  "num_requests": 1
}