{
  "client_addr": "127.0.0.1:53920",
  "start_time": "13:52:37.502295",
  "end_time": "13:52:37.646446",
  "latencies_ns": {
    "p50": 143917055,
    "p90": 143917055,
    "p99": 143917055
  },
  "blocks_read": {
    "p50": 0,
    "p90": 0,
    "p99": 0
  },
  "database_size": 9408329,
  "num_requests": 1
}