{
  "client_addr": "127.0.0.1:54011",
  "start_time": "13:53:07.680327",
  "end_time": "13:53:07.801168",
  "latencies_ns": {
    "p50": 120586239,
    "p90": 120586239,
    "p99": 120586239
  },
  "blocks_read": {
    "p50": 0,
    "p90": 0,
    "p99": 0
  },
  "database_size": 372652661,
  "num_requests": 1
}