{
  "client_addr": "127.0.0.1:53946",
  "start_time": "13:52:45.331127",
  "end_time": "13:52:45.476644",
  "latencies_ns": {
    "p50": 145358847,
    "p90": 145358847,
    "p99": 145358847
  },
  "blocks_read": {
    "p50": 0,
    "p90": 0,
    "p99": 0
  },
  "database_size": 125962612,
  "num_requests": 1
}