{
  "client_addr": "127.0.0.1:53991",
  "start_time": "13:53:01.721756",
  "end_time": "13:53:01.888680",
  "latencies_ns": {
    "p50": 166723583,
    "p90": 166723583,
    "p99": 166723583
  },
  "blocks_read": {
    "p50": 0,
    "p90": 0,
    "p99": 0
  },
  "database_size": 284279648,
  "num_requests": 1
}