{
  "client_addr": "192.168.1.5:61706",
  "start_time": "17__13__36.332378",
  "end_time": "17:13:42.738186",
  "latencies_ns": {
    "p50": 74943,
    "p90": 102015,
    "p99": 161663
  },
  "blocks_read": {
    "p50": 4,
    "p90": 4,
    "p99": 4
  },
  "database_size": 897268689,
  "num_requests": 1000
}