{
  "client_addr": "192.168.1.5:61705",
  "start_time": "17__13__36.331105",
  "end_time": "17:13:42.784424",
  "latencies_ns": {
    "p50": 72959,
    "p90": 104319,
    "p99": 185215
  },
  "blocks_read": {
    "p50": 4,
    "p90": 4,
    "p99": 4
  },
  "database_size": 897268689,
  "num_requests": 1000
}