{
  "client_addr": "192.168.1.5:61704",
  "start_time": "17__13__36.332416",
  "end_time": "17:13:42.473491",
  "latencies_ns": {
    "p50": 75263,
    "p90": 99711,
    "p99": 166655
  },
  "blocks_read": {
    "p50": 4,
    "p90": 4,
    "p99": 4
  },
  "database_size": 897268689,
  "num_requests": 1000
}