{
  "client_addr": "192.168.1.5:61707",
  "start_time": "17__13__36.331577",
  "end_time": "17:13:42.468605",
  "latencies_ns": {
    "p50": 77951,
    "p90": 104831,
    "p99": 171775
  },
  "blocks_read": {
    "p50": 4,
    "p90": 4,
    "p99": 4
  },
  "database_size": 897268689,
  "num_requests": 1000
}